,tconst,all_all_ratings,all_all_v_counts,all_males_ratings,all_males_v_counts,all_females_ratings,all_females_v_counts,under_18_all_ratings,under_18_all_v_counts,under_18_males_ratings,under_18_males_v_counts,under_18_females_ratings,under_18_females_v_counts,f18_29_all_ratings,f18_29_all_v_counts,f18_29_males_ratings,f18_29_males_v_counts,f18_29_females_ratings,f18_29_females_v_counts,f30_44_all_ratings,f30_44_all_v_counts,f30_44_males_ratings,f30_44_males_v_counts,f30_44_females_ratings,f30_44_females_v_counts,f45_all_ratings,f45_all_v_counts,f45_males_ratings,f45_males_v_counts,f45_females_ratings,f45_females_v_counts
0,tt0000008,5.4,2097.0,5.3,1458.0,5.6,161.0,6.0,1.0,0.0,0.0,6.0,1.0,5.5,271.0,5.5,235.0,5.5,31.0,5.2,951.0,5.2,846.0,5.5,92.0,5.5,361.0,5.5,321.0,6.0,34.0
1,tt15019036,7.2,1921.0,4.7,90.0,4.4,7.0,0.0,0.0,0.0,0.0,0.0,0.0,4.4,11.0,4.7,9.0,5.0,2.0,4.7,58.0,4.7,52.0,4.8,4.0,4.8,21.0,4.9,20.0,0.0,0.0
2,tt17134922,8.2,1038.0,1.1,16.0,0.0,0.0,0.0,0.0,0.0,0.0,0.0,0.0,1.0,3.0,1.0,3.0,0.0,0.0,1.0,7.0,1.0,7.0,0.0,0.0,1.7,6.0,1.7,5.0,0.0,0.0
3,tt22353382,7.2,2018.0,7.5,10.0,5.5,2.0,0.0,0.0,0.0,0.0,0.0,0.0,5.5,3.0,0.0,0.0,5.5,2.0,7.0,4.0,7.0,4.0,0.0,0.0,8.0,4.0,8.0,4.0,0.0,0.0
4,tt22488728,8.1,12532.0,7.8,2687.0,7.2,123.0,8.9,20.0,9.0,19.0,7.0,1.0,8.1,942.0,8.1,870.0,7.1,40.0,7.6,1267.0,7.6,1211.0,7.4,46.0,6.8,107.0,6.8,100.0,6.0,4.0
5,tt9660502,7.9,14127.0,7.8,6852.0,8.0,1578.0,8.2,24.0,8.3,15.0,7.9,9.0,7.9,1939.0,7.8,1437.0,8.0,388.0,7.8,4201.0,7.8,3336.0,7.9,786.0,7.9,1836.0,7.9,1550.0,8.1,247.0
6,tt10399608,6.2,7806.0,6.1,4044.0,6.4,904.0,7.1,5.0,6.0,2.0,5.7,3.0,6.2,608.0,6.2,434.0,6.2,154.0,6.2,2663.0,6.1,2144.0,6.4,457.0,6.2,1400.0,6.1,1144.0,6.4,220.0
7,tt14479746,6.1,7492.0,6.0,2554.0,6.0,130.0,9.0,4.0,9.0,4.0,0.0,0.0,6.3,529.0,6.3,474.0,6.4,26.0,6.0,1496.0,6.0,1408.0,5.9,57.0,6.0,328.0,5.9,296.0,6.0,25.0
8,tt19712142,7.9,2027.0,2.0,9.0,1.0,1.0,0.0,0.0,0.0,0.0,0.0,0.0,1.0,2.0,0.0,0.0,1.0,1.0,3.0,4.0,3.0,4.0,0.0,0.0,0.0,0.0,0.0,0.0,0.0,0.0
9,tt21281774,7.1,1158.0,7.1,710.0,6.8,70.0,0.0,0.0,0.0,0.0,0.0,0.0,7.0,74.0,7.0,63.0,6.4,9.0,7.1,433.0,7.2,393.0,6.5,35.0,7.0,217.0,6.9,193.0,7.2,18.0
10,tt23875342,6.8,2743.0,5.7,104.0,7.0,2.0,10.0,1.0,10.0,1.0,0.0,0.0,5.8,30.0,5.8,28.0,0.0,0.0,5.7,56.0,5.7,54.0,7.0,2.0,4.7,5.0,4.7,5.0,0.0,0.0
11,tt8323668,6.9,15428.0,6.8,8021.0,7.2,1742.0,7.5,10.0,7.9,8.0,5.5,2.0,6.7,927.0,6.7,763.0,6.8,122.0,6.8,4868.0,6.7,4062.0,7.0,688.0,7.0,3345.0,6.9,2546.0,7.5,723.0
12,tt9319826,7.4,5856.0,6.7,354.0,6.6,19.0,8.0,3.0,8.0,3.0,0.0,0.0,7.3,67.0,7.3,63.0,8.5,4.0,6.5,215.0,6.5,203.0,6.8,6.0,6.8,44.0,6.8,38.0,7.2,4.0
13,tt13022984,7.5,14188.0,6.9,1929.0,7.6,65.0,7.4,9.0,7.4,9.0,0.0,0.0,7.3,626.0,7.2,593.0,7.5,16.0,6.8,965.0,6.8,916.0,7.5,32.0,5.9,103.0,5.7,88.0,7.5,8.0
14,tt14787874,7.2,1151.0,3.3,51.0,2.8,6.0,0.0,0.0,0.0,0.0,0.0,0.0,3.1,9.0,3.5,8.0,0.0,0.0,3.7,26.0,3.4,25.0,6.0,1.0,1.8,12.0,4.0,9.0,1.0,3.0
15,tt14986224,8.1,3136.0,7.8,946.0,7.5,22.0,8.0,1.0,8.0,1.0,0.0,0.0,8.0,287.0,8.0,275.0,8.3,6.0,7.8,478.0,7.8,467.0,7.2,8.0,7.3,40.0,7.4,38.0,8.0,2.0
16,tt16118722,8.0,3971.0,8.0,2404.0,8.1,237.0,0.0,0.0,0.0,0.0,0.0,0.0,7.9,291.0,7.9,252.0,7.8,20.0,7.9,1691.0,8.0,1542.0,7.8,116.0,8.0,535.0,8.0,442.0,8.4,79.0
17,tt21064272,6.3,1161.0,5.8,353.0,6.8,193.0,10.0,2.0,10.0,1.0,10.0,1.0,7.1,128.0,6.9,77.0,7.5,42.0,6.1,296.0,5.8,187.0,6.4,102.0,5.2,81.0,4.5,52.0,7.0,27.0
18,tt21296906,8.6,3202.0,2.9,25.0,5.5,2.0,0.0,0.0,0.0,0.0,0.0,0.0,3.2,10.0,3.6,8.0,5.5,2.0,2.1,13.0,2.1,12.0,0.0,0.0,7.0,4.0,7.0,4.0,0.0,0.0
19,tt12844586,6.3,2220.0,4.3,154.0,7.4,196.0,0.0,0.0,0.0,0.0,0.0,0.0,7.8,100.0,6.0,4.0,8.1,96.0,4.6,155.0,3.7,63.0,7.2,89.0,4.8,84.0,4.7,75.0,6.1,9.0
20,tt14875116,7.0,6487.0,6.8,1884.0,6.8,86.0,6.7,8.0,6.7,8.0,0.0,0.0,6.9,611.0,6.9,562.0,7.0,25.0,6.8,960.0,6.8,911.0,6.8,39.0,7.0,81.0,7.0,78.0,9.0,1.0
21,tt15807910,6.6,8746.0,6.5,4297.0,6.7,1090.0,6.5,4.0,7.0,1.0,6.0,1.0,6.6,490.0,6.5,343.0,6.7,116.0,6.5,2824.0,6.5,2179.0,6.6,549.0,6.7,1736.0,6.6,1378.0,7.0,313.0
22,tt23625298,6.6,2157.0,2.5,10.0,0.0,0.0,0.0,0.0,0.0,0.0,0.0,0.0,0.0,0.0,0.0,0.0,0.0,0.0,4.0,4.0,4.0,4.0,0.0,0.0,0.0,0.0,0.0,0.0,0.0,0.0
23,tt11318302,6.8,2263.0,4.1,17.0,7.0,1.0,0.0,0.0,0.0,0.0,0.0,0.0,7.0,2.0,7.0,2.0,0.0,0.0,4.6,11.0,3.8,10.0,7.0,1.0,7.0,3.0,7.0,3.0,0.0,0.0
24,tt11883966,6.9,1029.0,6.4,77.0,6.1,25.0,0.0,0.0,0.0,0.0,0.0,0.0,5.5,20.0,5.5,14.0,5.3,5.0,6.7,45.0,6.5,36.0,7.9,8.0,5.9,23.0,6.7,16.0,2.5,5.0
25,tt15327088,8.3,92165.0,7.9,16977.0,7.5,703.0,8.4,42.0,8.6,38.0,6.5,4.0,8.1,4625.0,8.1,4314.0,7.5,153.0,7.9,8520.0,7.9,8101.0,7.6,283.0,6.5,817.0,6.5,751.0,6.1,48.0
26,tt15373868,6.4,9982.0,3.9,331.0,1.7,8.0,7.0,5.0,7.0,5.0,0.0,0.0,4.0,95.0,4.0,91.0,0.0,0.0,4.0,111.0,4.0,106.0,0.0,0.0,3.8,15.0,4.0,14.0,0.0,0.0
27,tt22302170,6.9,1454.0,6.8,592.0,6.9,235.0,0.0,0.0,0.0,0.0,0.0,0.0,6.6,80.0,6.4,45.0,6.9,30.0,6.6,365.0,6.6,253.0,6.7,106.0,7.0,328.0,7.0,245.0,7.1,75.0
28,tt14321668,7.4,2073.0,7.4,1210.0,7.5,116.0,6.0,1.0,6.0,1.0,0.0,0.0,7.3,123.0,7.3,108.0,7.5,11.0,7.4,643.0,7.4,568.0,7.4,63.0,7.4,478.0,7.4,431.0,7.7,34.0
29,tt21816824,7.3,2700.0,7.2,1323.0,7.4,384.0,6.3,3.0,8.5,2.0,2.0,1.0,7.3,284.0,7.3,231.0,7.5,40.0,7.2,795.0,7.2,644.0,7.1,139.0,7.2,538.0,7.1,366.0,7.6,157.0
30,tt22037066,7.5,4529.0,7.2,752.0,8.0,33.0,8.8,5.0,8.8,5.0,0.0,0.0,7.2,174.0,7.2,163.0,7.4,8.0,7.2,392.0,7.2,380.0,8.9,11.0,7.2,47.0,7.4,45.0,6.0,1.0
31,tt5151570,7.1,15768.0,6.9,6337.0,7.3,3340.0,7.9,10.0,7.9,6.0,7.3,3.0,6.8,1132.0,6.7,678.0,7.2,399.0,6.9,4138.0,6.8,2648.0,7.2,1404.0,7.2,3790.0,7.1,2545.0,7.5,1173.0
32,tt1016150,7.8,165363.0,7.7,80158.0,7.7,9016.0,8.1,234.0,8.1,176.0,7.9,48.0,7.8,17772.0,7.9,14903.0,7.8,1910.0,7.7,46497.0,7.7,40939.0,7.6,4475.0,7.7,18162.0,7.7,16051.0,7.8,1639.0
33,tt14209560,6.3,9591.0,6.0,1782.0,5.6,42.0,7.4,23.0,7.4,23.0,0.0,0.0,6.2,720.0,6.2,682.0,6.0,14.0,5.9,724.0,5.9,695.0,5.3,15.0,5.6,56.0,5.6,51.0,6.7,4.0
34,tt18072950,8.8,2027.0,2.2,18.0,0.0,0.0,0.0,0.0,0.0,0.0,0.0,0.0,2.0,3.0,2.0,3.0,0.0,0.0,2.8,10.0,2.8,10.0,0.0,0.0,1.0,4.0,1.0,4.0,0.0,0.0
35,tt21386494,7.6,1093.0,5.0,25.0,0.0,0.0,0.0,0.0,0.0,0.0,0.0,0.0,3.1,6.0,3.1,6.0,0.0,0.0,8.6,10.0,8.6,10.0,0.0,0.0,1.0,6.0,1.0,6.0,0.0,0.0
36,tt22247450,6.9,1239.0,6.5,361.0,6.9,365.0,0.0,0.0,0.0,0.0,0.0,0.0,7.0,41.0,6.5,16.0,7.3,23.0,6.3,264.0,5.8,111.0,6.6,149.0,7.0,367.0,7.0,207.0,7.1,152.0
37,tt23950956,7.3,5732.0,7.3,2790.0,7.3,276.0,8.7,4.0,9.0,3.0,8.0,1.0,7.4,806.0,7.4,698.0,7.3,71.0,7.2,1664.0,7.2,1514.0,7.3,122.0,6.8,375.0,6.8,318.0,7.0,45.0
38,tt4614584,6.7,40695.0,6.4,7952.0,6.8,9122.0,6.4,57.0,6.7,18.0,5.9,32.0,6.7,4623.0,6.5,1673.0,6.8,2517.0,6.5,8216.0,6.3,3602.0,6.8,4283.0,6.6,2933.0,6.4,1694.0,7.0,1133.0
39,tt12747570,7.3,2109.0,6.9,510.0,6.8,21.0,7.0,2.0,7.0,2.0,0.0,0.0,6.9,161.0,6.9,148.0,5.3,7.0,6.9,259.0,6.9,250.0,8.1,7.0,6.4,18.0,6.4,18.0,0.0,0.0
40,tt14637756,6.8,2328.0,6.8,1343.0,6.5,50.0,3.5,2.0,6.0,1.0,1.0,1.0,6.9,268.0,7.0,243.0,7.1,8.0,6.8,834.0,6.8,791.0,6.5,26.0,6.6,224.0,6.6,211.0,6.7,9.0
41,tt15464742,8.2,1204.0,7.9,65.0,8.5,4.0,7.0,1.0,0.0,0.0,7.0,1.0,7.2,20.0,7.2,18.0,10.0,1.0,7.8,27.0,7.8,23.0,8.5,2.0,9.0,4.0,9.0,4.0,0.0,0.0
42,tt15710136,6.6,10649.0,6.2,1920.0,6.5,170.0,6.9,9.0,6.9,9.0,0.0,0.0,6.5,536.0,6.5,500.0,6.0,26.0,6.1,1169.0,6.1,1046.0,6.9,109.0,5.2,104.0,5.2,91.0,5.4,9.0
43,tt3915174,7.9,96522.0,7.7,33524.0,7.7,5638.0,8.6,437.0,8.5,247.0,8.8,167.0,8.1,12158.0,8.0,9784.0,8.0,1718.0,7.6,18059.0,7.6,15295.0,7.6,2347.0,7.3,4948.0,7.2,4160.0,7.4,655.0
44,tt8097030,7.0,129606.0,6.9,51241.0,7.3,17331.0,7.2,313.0,6.9,177.0,7.7,113.0,7.1,15630.0,7.0,10206.0,7.5,4381.0,6.9,38530.0,6.8,28482.0,7.3,8976.0,6.8,9416.0,6.7,7406.0,7.2,1758.0
45,tt11468258,6.9,4443.0,6.7,1355.0,7.1,60.0,8.0,7.0,8.0,7.0,0.0,0.0,7.1,409.0,7.1,382.0,7.8,11.0,6.6,717.0,6.5,682.0,7.1,28.0,5.7,61.0,5.7,54.0,4.6,6.0
46,tt12048234,6.5,1258.0,6.4,615.0,7.0,164.0,0.0,0.0,0.0,0.0,0.0,0.0,6.1,39.0,6.0,29.0,7.2,7.0,6.3,286.0,6.1,205.0,6.7,68.0,6.7,406.0,6.6,321.0,7.5,70.0
47,tt12691830,6.8,1411.0,6.7,750.0,6.8,191.0,7.0,1.0,7.0,1.0,0.0,0.0,6.8,111.0,6.8,87.0,6.4,21.0,6.8,413.0,6.8,335.0,6.7,69.0,6.6,378.0,6.6,284.0,7.0,86.0
48,tt13466166,7.5,3486.0,7.3,1201.0,6.4,26.0,10.0,1.0,10.0,1.0,0.0,0.0,7.4,327.0,7.4,304.0,5.6,7.0,7.3,657.0,7.3,641.0,6.7,11.0,7.0,68.0,7.0,65.0,7.0,1.0
49,tt14444726,7.5,55709.0,7.5,26987.0,7.4,6387.0,7.7,87.0,7.7,60.0,7.5,25.0,7.8,6904.0,7.8,5371.0,7.6,1221.0,7.5,17169.0,7.5,13657.0,7.4,3140.0,7.3,7418.0,7.3,5839.0,7.2,1418.0
50,tt14458442,6.2,4919.0,6.2,2464.0,6.3,545.0,6.3,5.0,7.0,4.0,6.0,1.0,5.9,554.0,5.9,445.0,6.3,79.0,6.2,1458.0,6.1,1179.0,6.5,247.0,6.3,822.0,6.3,650.0,6.2,156.0
51,tt15281704,6.4,7787.0,4.8,444.0,7.2,19.0,0.0,0.0,0.0,0.0,0.0,0.0,5.7,102.0,5.6,95.0,7.5,2.0,4.6,235.0,4.5,223.0,7.1,10.0,5.6,44.0,5.4,37.0,7.9,5.0
52,tt15600222,7.1,26965.0,6.9,5378.0,6.7,394.0,6.5,39.0,6.5,30.0,6.3,9.0,7.2,1548.0,7.2,1395.0,6.8,109.0,6.8,3034.0,6.8,2826.0,6.6,150.0,6.2,387.0,6.2,333.0,6.5,45.0
53,tt21332486,7.0,1236.0,7.0,542.0,7.1,282.0,0.0,0.0,0.0,0.0,0.0,0.0,7.1,74.0,7.1,41.0,7.2,28.0,6.9,435.0,6.8,258.0,7.1,166.0,7.1,280.0,7.0,211.0,7.3,64.0
54,tt10168670,6.9,36445.0,6.8,15685.0,6.8,4053.0,7.2,110.0,7.3,72.0,7.0,36.0,7.1,5274.0,7.1,3757.0,7.0,1227.0,6.8,9917.0,6.8,7817.0,6.7,1860.0,6.5,3317.0,6.5,2696.0,6.5,547.0
55,tt10365998,6.1,18989.0,6.1,9846.0,5.7,1544.0,5.7,15.0,7.2,6.0,4.5,9.0,6.4,2063.0,6.5,1657.0,6.1,324.0,6.1,6255.0,6.1,5363.0,5.7,768.0,5.7,2388.0,5.7,2056.0,5.5,280.0
56,tt10731256,6.2,106487.0,6.1,35618.0,6.6,16339.0,6.5,127.0,6.0,57.0,6.9,61.0,6.2,12579.0,6.0,7112.0,6.7,4531.0,6.2,26015.0,6.0,17757.0,6.6,7505.0,6.2,9811.0,6.1,7230.0,6.4,2342.0
57,tt15654262,7.7,22184.0,7.2,4312.0,6.9,199.0,8.1,17.0,8.1,17.0,0.0,0.0,7.6,1421.0,7.6,1319.0,6.8,52.0,7.1,2145.0,7.1,2025.0,6.9,89.0,6.2,260.0,6.2,235.0,5.4,14.0
58,tt19730338,8.8,1080.0,1.8,10.0,0.0,0.0,0.0,0.0,0.0,0.0,0.0,0.0,1.0,3.0,1.0,3.0,0.0,0.0,1.0,3.0,1.0,3.0,0.0,0.0,4.0,3.0,4.0,3.0,0.0,0.0
59,tt21109538,6.6,1360.0,6.6,726.0,6.7,61.0,8.5,2.0,8.5,2.0,0.0,0.0,6.5,95.0,6.6,80.0,5.3,6.0,6.6,370.0,6.6,337.0,6.5,29.0,6.6,262.0,6.6,238.0,6.9,19.0
60,tt21626274,6.8,2271.0,5.9,98.0,4.0,7.0,0.0,0.0,0.0,0.0,0.0,0.0,6.1,22.0,6.4,20.0,1.0,1.0,5.5,51.0,5.6,47.0,4.0,4.0,5.2,11.0,5.5,10.0,3.0,1.0
61,tt23490586,7.1,2160.0,6.4,59.0,7.0,1.0,7.0,1.0,0.0,0.0,7.0,1.0,6.9,18.0,6.9,18.0,0.0,0.0,6.1,20.0,6.1,20.0,0.0,0.0,5.3,6.0,5.2,5.0,0.0,0.0
62,tt10701074,7.7,31359.0,7.4,5975.0,7.3,315.0,7.1,34.0,7.2,31.0,6.0,3.0,7.7,1855.0,7.7,1718.0,7.4,74.0,7.3,3001.0,7.3,2831.0,7.3,133.0,6.5,345.0,6.5,310.0,6.7,26.0
63,tt13848958,6.2,1388.0,5.4,42.0,8.0,3.0,7.0,1.0,0.0,0.0,7.0,1.0,6.0,8.0,6.0,7.0,0.0,0.0,5.5,22.0,5.3,20.0,8.5,2.0,5.0,3.0,5.0,3.0,0.0,0.0
64,tt13885320,7.4,8976.0,6.5,658.0,6.2,26.0,8.7,3.0,8.7,3.0,0.0,0.0,6.7,160.0,6.7,150.0,8.0,3.0,6.5,386.0,6.5,363.0,5.9,14.0,6.6,47.0,6.5,43.0,6.3,3.0
65,tt14402146,6.6,12402.0,6.5,6335.0,7.0,1403.0,6.7,15.0,6.9,11.0,5.5,4.0,6.1,1300.0,6.1,1065.0,6.4,177.0,6.5,3378.0,6.4,2747.0,6.8,562.0,7.0,2658.0,6.9,2069.0,7.3,539.0
66,tt15341150,6.9,1002.0,1.3,9.0,0.0,0.0,0.0,0.0,0.0,0.0,0.0,0.0,6.0,3.0,6.0,3.0,0.0,0.0,10.0,2.0,10.0,2.0,0.0,0.0,1.0,2.0,1.0,2.0,0.0,0.0
67,tt15466426,6.8,1324.0,6.7,759.0,7.3,127.0,8.0,1.0,8.0,1.0,0.0,0.0,7.2,119.0,7.2,89.0,7.7,26.0,6.8,489.0,6.8,412.0,7.1,70.0,6.6,227.0,6.6,199.0,7.3,20.0
68,tt20771990,7.9,2026.0,4.0,10.0,1.0,1.0,0.0,0.0,0.0,0.0,0.0,0.0,1.0,2.0,0.0,0.0,1.0,1.0,4.0,5.0,4.0,5.0,0.0,0.0,4.0,3.0,4.0,3.0,0.0,0.0
69,tt22184976,6.5,1547.0,6.4,793.0,6.8,212.0,7.0,5.0,8.2,4.0,4.0,1.0,6.5,168.0,6.5,111.0,6.5,45.0,6.5,518.0,6.4,400.0,6.6,103.0,6.6,256.0,6.4,209.0,7.2,44.0
70,tt15340998,6.8,1286.0,6.0,198.0,5.8,5.0,7.7,3.0,7.7,3.0,0.0,0.0,6.5,59.0,6.4,56.0,0.0,0.0,6.1,84.0,6.1,81.0,8.0,2.0,4.2,12.0,4.2,11.0,3.0,1.0
71,tt15419420,6.6,6458.0,6.5,3047.0,6.8,759.0,6.7,3.0,6.0,2.0,8.0,1.0,6.6,869.0,6.4,631.0,7.1,208.0,6.6,2309.0,6.6,1855.0,6.8,424.0,6.1,382.0,6.1,318.0,5.9,57.0
72,tt15545626,7.3,1072.0,4.4,10.0,10.0,1.0,0.0,0.0,0.0,0.0,0.0,0.0,9.0,3.0,9.0,3.0,0.0,0.0,5.5,3.0,5.5,3.0,0.0,0.0,9.0,2.0,8.0,1.0,10.0,1.0
73,tt15964308,6.6,2727.0,6.5,1085.0,6.2,50.0,9.0,1.0,9.0,1.0,0.0,0.0,6.9,235.0,6.9,223.0,7.0,5.0,6.4,672.0,6.4,643.0,5.8,22.0,5.9,74.0,5.9,67.0,6.5,7.0
74,tt16078152,6.4,2186.0,3.3,55.0,7.0,5.0,0.0,0.0,0.0,0.0,0.0,0.0,3.8,12.0,6.2,8.0,0.0,0.0,3.6,34.0,3.3,32.0,7.0,2.0,3.8,7.0,3.8,7.0,0.0,0.0
75,tt10984580,7.3,1178.0,7.2,689.0,7.9,125.0,8.5,2.0,8.0,1.0,9.0,1.0,7.5,98.0,7.4,74.0,7.8,22.0,7.3,416.0,7.2,351.0,8.0,57.0,7.3,275.0,7.2,230.0,7.9,39.0
76,tt11976532,6.8,24574.0,6.8,12686.0,7.0,2355.0,5.2,12.0,7.2,6.0,4.7,6.0,6.9,1844.0,6.9,1451.0,6.9,310.0,6.8,7931.0,6.7,6698.0,6.9,1045.0,6.7,4424.0,6.7,3546.0,7.2,756.0
77,tt8296030,6.3,8094.0,6.3,4455.0,6.7,885.0,6.5,5.0,8.5,2.0,6.0,2.0,6.6,737.0,6.6,593.0,7.1,119.0,6.4,2967.0,6.3,2438.0,6.8,468.0,6.1,1328.0,6.1,1095.0,6.3,207.0
78,tt13539646,7.9,7674.0,7.7,1331.0,7.8,180.0,7.5,12.0,7.5,10.0,10.0,2.0,7.5,339.0,7.5,267.0,7.3,52.0,7.8,852.0,7.8,734.0,8.2,87.0,7.0,159.0,7.0,137.0,6.4,14.0
79,tt14230846,6.1,1078.0,6.0,322.0,4.3,24.0,10.0,2.0,10.0,2.0,0.0,0.0,6.0,89.0,6.1,74.0,3.3,8.0,6.0,193.0,6.0,179.0,3.4,9.0,5.8,27.0,5.6,24.0,5.0,2.0
80,tt18361702,7.3,1043.0,6.7,275.0,7.4,297.0,0.0,0.0,0.0,0.0,0.0,0.0,6.6,23.0,5.6,8.0,7.0,14.0,6.2,172.0,5.3,75.0,7.0,92.0,7.5,341.0,7.3,175.0,7.7,155.0
81,tt3706352,6.1,24913.0,6.1,13253.0,6.2,2487.0,4.4,7.0,6.7,3.0,4.8,4.0,6.0,959.0,6.0,776.0,5.7,125.0,6.0,6987.0,6.0,5854.0,6.1,957.0,6.2,6755.0,6.2,5458.0,6.4,1123.0
82,tt22311492,7.3,1313.0,7.0,518.0,7.8,36.0,0.0,0.0,0.0,0.0,0.0,0.0,7.2,92.0,7.2,82.0,6.9,7.0,7.1,338.0,7.0,312.0,7.6,18.0,6.1,50.0,6.1,49.0,9.0,1.0
83,tt21374850,7.6,2645.0,7.6,1509.0,7.7,324.0,7.3,3.0,8.0,1.0,7.0,2.0,7.8,393.0,7.8,313.0,7.6,64.0,7.7,970.0,7.6,785.0,7.8,166.0,7.6,420.0,7.6,340.0,7.6,70.0
84,tt15215512,6.1,14086.0,5.9,3468.0,6.2,4341.0,5.0,4.0,6.0,1.0,4.7,3.0,6.0,1521.0,5.9,474.0,6.1,929.0,6.0,3987.0,5.8,1615.0,6.2,2235.0,6.2,1777.0,6.0,1049.0,6.5,670.0
85,tt18555320,7.3,5052.0,7.3,2936.0,7.3,285.0,4.5,2.0,8.0,1.0,1.0,1.0,7.4,561.0,7.4,481.0,7.4,48.0,7.2,1845.0,7.2,1640.0,7.3,155.0,7.3,598.0,7.3,540.0,7.8,43.0
86,tt19637852,6.5,5173.0,6.2,1433.0,6.8,1643.0,4.2,6.0,6.2,4.0,3.5,2.0,6.7,403.0,6.1,142.0,7.0,227.0,6.5,1910.0,6.3,843.0,6.7,1008.0,6.3,563.0,6.0,307.0,6.7,245.0
87,tt21836620,7.2,1838.0,7.2,1076.0,7.2,136.0,0.0,0.0,0.0,0.0,0.0,0.0,7.4,116.0,7.4,97.0,8.0,14.0,7.1,722.0,7.1,624.0,7.0,78.0,7.3,295.0,7.3,255.0,7.3,29.0
88,tt8980468,6.5,1563.0,5.9,65.0,6.2,11.0,0.0,0.0,0.0,0.0,0.0,0.0,6.4,21.0,6.5,15.0,6.0,5.0,6.1,27.0,6.0,24.0,10.0,2.0,4.9,19.0,5.0,16.0,7.0,3.0
89,tt10811166,8.7,563420.0,8.1,68270.0,8.6,5482.0,8.2,283.0,8.4,262.0,5.5,19.0,8.3,25361.0,8.2,23100.0,8.8,1623.0,8.0,31685.0,8.0,28620.0,8.4,2457.0,7.4,5217.0,7.4,4414.0,8.1,695.0
90,tt15128358,7.0,1959.0,6.9,977.0,7.2,127.0,8.0,1.0,8.0,1.0,0.0,0.0,7.2,139.0,7.1,114.0,6.8,16.0,7.0,504.0,6.9,426.0,7.3,55.0,6.9,386.0,6.8,334.0,7.3,31.0
91,tt15479902,6.3,5406.0,6.4,3055.0,6.2,559.0,5.3,3.0,7.5,2.0,1.0,1.0,6.3,529.0,6.3,415.0,6.3,91.0,6.3,2132.0,6.4,1773.0,6.1,303.0,6.4,723.0,6.4,602.0,6.3,106.0
92,tt15560626,7.5,3436.0,7.4,1224.0,7.0,63.0,8.0,3.0,8.0,3.0,0.0,0.0,7.5,383.0,7.5,357.0,7.6,16.0,7.3,679.0,7.3,643.0,6.3,30.0,6.7,52.0,6.5,49.0,8.5,2.0
93,tt16266336,8.0,1627.0,7.9,466.0,7.9,118.0,9.0,3.0,9.0,3.0,0.0,0.0,8.0,194.0,8.1,138.0,7.9,48.0,7.8,246.0,7.8,202.0,7.9,40.0,7.2,48.0,7.2,42.0,7.2,5.0
94,tt21378182,6.1,2072.0,3.7,65.0,6.9,5.0,5.5,2.0,5.5,2.0,0.0,0.0,4.4,23.0,4.2,21.0,5.0,1.0,4.4,27.0,4.0,25.0,4.5,2.0,1.0,4.0,1.0,4.0,0.0,0.0
95,tt14986012,6.9,4156.0,6.7,1406.0,6.8,56.0,7.1,12.0,7.1,12.0,0.0,0.0,6.9,392.0,6.8,369.0,6.7,12.0,6.7,768.0,6.7,735.0,6.7,24.0,6.2,76.0,6.2,68.0,6.3,6.0
96,tt15399616,8.4,2174.0,6.0,32.0,7.7,3.0,8.5,2.0,0.0,0.0,8.5,2.0,4.8,8.0,4.7,7.0,6.0,1.0,6.9,18.0,6.9,17.0,0.0,0.0,9.0,1.0,9.0,1.0,0.0,0.0
97,tt15516018,9.0,1513.0,8.2,24.0,1.0,1.0,0.0,0.0,0.0,0.0,0.0,0.0,6.7,7.0,7.8,6.0,1.0,1.0,8.7,10.0,8.7,10.0,0.0,0.0,0.0,0.0,0.0,0.0,0.0,0.0
98,tt17632818,7.3,2556.0,7.2,780.0,6.7,24.0,8.5,3.0,8.5,3.0,0.0,0.0,7.3,195.0,7.3,185.0,5.0,6.0,7.2,443.0,7.2,430.0,7.2,9.0,6.6,55.0,6.6,52.0,7.5,2.0
99,tt14774434,6.9,1223.0,6.7,480.0,6.0,19.0,0.0,0.0,0.0,0.0,0.0,0.0,6.8,134.0,6.8,123.0,7.5,9.0,6.6,271.0,6.6,261.0,5.3,6.0,6.5,39.0,6.6,35.0,7.7,3.0
100,tt16227014,7.6,9901.0,7.5,5431.0,7.6,1056.0,7.7,3.0,7.5,2.0,8.0,1.0,7.7,1302.0,7.7,1033.0,7.9,199.0,7.5,3679.0,7.5,3039.0,7.5,578.0,7.4,1253.0,7.4,1029.0,7.5,195.0
101,tt16377816,7.5,1314.0,7.4,712.0,7.7,115.0,8.0,1.0,8.0,1.0,0.0,0.0,7.8,161.0,7.8,128.0,8.5,26.0,7.5,418.0,7.5,344.0,7.6,63.0,6.8,203.0,6.8,185.0,7.3,14.0
102,tt20223526,6.7,2007.0,3.7,15.0,7.5,3.0,0.0,0.0,0.0,0.0,0.0,0.0,6.5,6.0,4.0,3.0,10.0,2.0,3.7,9.0,3.1,8.0,5.0,1.0,5.0,3.0,5.0,3.0,0.0,0.0
103,tt20319598,6.6,1033.0,6.2,33.0,5.5,2.0,0.0,0.0,0.0,0.0,0.0,0.0,7.9,8.0,7.9,8.0,0.0,0.0,5.5,15.0,5.5,15.0,0.0,0.0,4.5,3.0,8.0,2.0,1.0,1.0
104,tt20855732,8.4,2063.0,3.2,24.0,0.0,0.0,0.0,0.0,0.0,0.0,0.0,0.0,4.0,4.0,4.0,4.0,0.0,0.0,2.9,8.0,2.9,8.0,0.0,0.0,4.8,8.0,4.8,8.0,0.0,0.0
105,tt22000754,7.7,2055.0,5.7,19.0,1.0,1.0,0.0,0.0,0.0,0.0,0.0,0.0,1.0,2.0,0.0,0.0,1.0,1.0,5.5,11.0,5.5,10.0,0.0,0.0,8.0,4.0,8.0,4.0,0.0,0.0
106,tt14114802,7.1,49422.0,7.1,27188.0,7.3,3551.0,7.6,27.0,7.5,17.0,8.0,7.0,7.2,4316.0,7.2,3601.0,7.1,535.0,7.0,15963.0,7.0,14063.0,7.2,1567.0,7.2,8485.0,7.1,7224.0,7.5,1050.0
107,tt15242330,8.5,1786.0,8.5,709.0,8.6,162.0,7.9,7.0,8.0,5.0,4.0,2.0,8.4,138.0,8.3,96.0,8.6,30.0,8.5,551.0,8.5,416.0,8.6,98.0,8.5,119.0,8.5,99.0,8.7,9.0
108,tt17514144,8.5,1215.0,5.8,13.0,0.0,0.0,0.0,0.0,0.0,0.0,0.0,0.0,4.0,2.0,4.0,2.0,0.0,0.0,6.3,8.0,6.3,8.0,0.0,0.0,0.0,0.0,0.0,0.0,0.0,0.0
109,tt18246876,7.2,1228.0,1.6,17.0,0.0,0.0,0.0,0.0,0.0,0.0,0.0,0.0,6.0,3.0,6.0,3.0,0.0,0.0,5.0,6.0,5.0,6.0,0.0,0.0,1.9,7.0,1.9,7.0,0.0,0.0
110,tt9051908,7.3,10799.0,7.3,5909.0,7.3,1153.0,6.7,19.0,6.7,14.0,6.9,5.0,7.3,1164.0,7.3,927.0,7.2,190.0,7.2,3163.0,7.2,2628.0,7.2,476.0,7.5,2358.0,7.5,1935.0,7.5,378.0
111,tt15109082,7.7,8812.0,7.6,4646.0,7.8,1022.0,7.8,18.0,7.5,12.0,8.3,6.0,7.6,998.0,7.6,785.0,7.7,177.0,7.6,2853.0,7.5,2304.0,7.7,504.0,7.7,1515.0,7.7,1230.0,7.8,260.0
112,tt21848358,7.2,5943.0,6.9,1717.0,7.4,119.0,4.5,3.0,1.0,2.0,0.0,0.0,7.3,398.0,7.2,357.0,7.5,22.0,6.9,1016.0,6.9,918.0,7.5,62.0,6.3,153.0,6.3,137.0,6.3,13.0
113,tt22489564,7.4,2034.0,7.3,257.0,6.1,12.0,8.5,2.0,8.5,2.0,0.0,0.0,7.4,67.0,7.7,64.0,5.5,2.0,7.4,124.0,7.4,119.0,10.0,5.0,5.6,19.0,5.6,16.0,9.5,2.0
114,tt14298328,6.3,20268.0,6.0,4157.0,6.5,6100.0,5.1,21.0,5.0,2.0,4.6,15.0,6.5,2573.0,6.2,662.0,6.6,1679.0,6.2,5413.0,6.0,2113.0,6.4,3112.0,6.1,1601.0,6.0,960.0,6.4,592.0
115,tt14859416,8.1,3876.0,8.0,1507.0,8.3,570.0,9.0,2.0,0.0,0.0,9.0,2.0,8.1,602.0,8.0,410.0,8.4,164.0,8.1,1075.0,8.0,756.0,8.3,280.0,7.9,250.0,7.9,187.0,8.3,55.0
116,tt7657566,6.3,156960.0,6.2,72255.0,6.4,17906.0,6.6,161.0,6.6,113.0,6.3,34.0,6.2,16024.0,6.2,11589.0,6.3,3442.0,6.2,47008.0,6.2,37040.0,6.3,8749.0,6.3,20597.0,6.3,16383.0,6.5,3649.0
117,tt13314558,6.1,80447.0,6.0,41173.0,6.1,5957.0,6.5,45.0,6.8,32.0,4.4,7.0,6.1,6073.0,6.1,4959.0,6.1,781.0,6.0,26629.0,6.0,22799.0,6.1,3144.0,6.1,10634.0,6.0,9024.0,6.3,1332.0
118,tt1649418,6.5,209864.0,6.4,97865.0,6.6,15828.0,6.6,180.0,6.6,139.0,6.0,30.0,6.4,18322.0,6.4,14713.0,6.5,2528.0,6.4,60345.0,6.4,50949.0,6.5,7821.0,6.5,25637.0,6.5,21408.0,6.7,3494.0
119,tt16901072,8.7,1994.0,1.0,8.0,2.5,3.0,0.0,0.0,0.0,0.0,0.0,0.0,1.0,2.0,0.0,0.0,1.0,1.0,1.0,4.0,1.0,4.0,0.0,0.0,4.0,4.0,0.0,0.0,4.0,2.0
120,tt19713090,6.6,2459.0,6.5,1386.0,6.8,113.0,0.0,0.0,0.0,0.0,0.0,0.0,6.5,198.0,6.5,169.0,6.3,22.0,6.6,760.0,6.6,695.0,7.0,47.0,6.5,419.0,6.5,382.0,6.8,26.0
121,tt22497768,6.8,2468.0,6.6,777.0,6.9,109.0,8.0,8.0,8.0,8.0,0.0,0.0,6.9,293.0,6.8,224.0,7.5,50.0,6.8,415.0,6.8,365.0,6.4,35.0,5.8,96.0,5.7,86.0,6.0,9.0
122,tt2353868,6.8,5576.0,6.7,2476.0,7.1,717.0,5.8,18.0,8.3,3.0,5.2,14.0,6.8,348.0,6.7,214.0,7.2,110.0,6.6,1592.0,6.6,1184.0,7.0,353.0,6.9,990.0,6.8,830.0,7.2,144.0
123,tt13145534,6.4,2545.0,6.4,1512.0,6.4,187.0,5.0,2.0,0.0,0.0,5.0,2.0,6.7,236.0,6.7,188.0,6.3,30.0,6.5,902.0,6.5,775.0,6.3,101.0,6.3,510.0,6.3,454.0,6.5,43.0
124,tt14428598,7.2,5866.0,6.9,1881.0,7.5,252.0,7.8,8.0,7.8,8.0,0.0,0.0,7.4,654.0,7.3,577.0,7.6,64.0,6.9,1003.0,6.8,880.0,7.5,107.0,5.8,139.0,5.6,119.0,6.9,19.0
125,tt10928202,8.0,3545.0,7.8,844.0,6.4,34.0,9.6,13.0,9.6,13.0,0.0,0.0,7.9,436.0,7.9,405.0,6.9,18.0,7.8,307.0,7.8,294.0,6.5,9.0,5.9,35.0,6.0,32.0,6.0,2.0
126,tt11075264,7.0,4970.0,6.8,1374.0,5.8,41.0,5.3,7.0,5.3,7.0,0.0,0.0,6.9,465.0,6.9,438.0,5.6,17.0,6.8,672.0,6.8,652.0,6.0,13.0,6.5,53.0,6.5,50.0,2.0,2.0
127,tt13229894,7.0,14846.0,7.0,6860.0,7.0,1784.0,7.3,5.0,8.8,4.0,7.0,1.0,7.2,1213.0,7.2,776.0,7.3,353.0,7.0,4531.0,7.0,3495.0,6.9,903.0,6.9,2287.0,6.9,1890.0,7.1,329.0
128,tt13793230,6.9,10863.0,6.6,3400.0,6.2,150.0,6.5,5.0,6.5,5.0,0.0,0.0,6.8,973.0,6.9,910.0,6.3,33.0,6.5,1869.0,6.5,1761.0,6.3,74.0,6.3,184.0,6.3,168.0,4.9,11.0
129,tt15426740,7.1,1523.0,6.7,380.0,7.1,29.0,7.4,5.0,7.4,5.0,0.0,0.0,7.6,200.0,7.6,170.0,7.2,12.0,6.1,137.0,6.0,123.0,7.2,10.0,5.6,30.0,5.5,26.0,8.0,3.0
130,tt15474916,6.6,110442.0,6.5,46242.0,6.5,10294.0,6.7,144.0,6.9,92.0,6.1,44.0,6.6,11892.0,6.6,8782.0,6.5,2398.0,6.5,30236.0,6.5,24486.0,6.4,5004.0,6.5,10122.0,6.5,8259.0,6.5,1629.0
131,tt15613538,6.3,1436.0,6.2,603.0,6.4,152.0,5.7,3.0,5.7,3.0,0.0,0.0,6.4,264.0,6.3,184.0,6.8,66.0,6.2,396.0,6.2,323.0,6.3,59.0,5.8,44.0,5.7,36.0,6.5,8.0
132,tt15721650,7.3,1109.0,7.0,254.0,6.8,23.0,9.0,2.0,9.0,2.0,0.0,0.0,7.1,129.0,7.1,117.0,5.4,7.0,7.0,90.0,6.9,78.0,7.3,9.0,6.9,31.0,6.8,26.0,7.0,4.0
133,tt16027944,6.6,1794.0,6.3,511.0,6.9,313.0,10.0,1.0,10.0,1.0,0.0,0.0,6.6,175.0,6.5,76.0,6.7,82.0,6.4,392.0,6.0,221.0,6.9,157.0,6.6,198.0,6.5,155.0,7.0,38.0
134,tt21983758,7.0,13842.0,6.2,577.0,6.1,99.0,5.0,2.0,5.0,2.0,0.0,0.0,6.3,101.0,6.4,85.0,6.7,10.0,6.2,464.0,6.2,384.0,5.8,77.0,5.8,45.0,5.9,37.0,5.0,5.0
135,tt22010586,6.4,2249.0,6.3,958.0,6.5,461.0,0.0,0.0,0.0,0.0,0.0,0.0,6.4,183.0,6.3,84.0,6.4,88.0,6.3,754.0,6.2,493.0,6.5,238.0,6.6,393.0,6.6,291.0,6.7,95.0
136,tt7466810,8.8,33749.0,8.4,5856.0,8.3,303.0,7.7,48.0,9.0,43.0,4.5,5.0,8.7,2248.0,8.7,2067.0,8.7,96.0,8.2,2501.0,8.2,2361.0,8.1,100.0,7.1,236.0,7.0,217.0,8.4,14.0
137,tt7978758,7.2,9936.0,7.2,6254.0,7.3,509.0,8.1,19.0,8.4,14.0,8.2,4.0,7.3,1328.0,7.3,1202.0,7.0,87.0,7.2,3718.0,7.2,3391.0,7.3,261.0,7.2,1368.0,7.2,1225.0,7.3,112.0
138,tt9288748,6.5,2430.0,6.5,1275.0,6.6,259.0,7.2,8.0,8.0,4.0,6.7,3.0,6.6,283.0,6.6,234.0,6.8,41.0,6.5,883.0,6.5,721.0,6.6,147.0,6.4,267.0,6.4,225.0,6.5,36.0
139,tt13316790,6.1,2028.0,6.1,1069.0,6.4,292.0,8.0,2.0,0.0,0.0,7.0,1.0,6.2,165.0,6.2,100.0,6.3,48.0,6.0,691.0,6.0,513.0,6.3,156.0,6.2,471.0,6.2,392.0,6.7,64.0
140,tt21238288,6.8,2767.0,6.7,543.0,6.5,17.0,7.0,2.0,7.0,2.0,0.0,0.0,6.6,134.0,6.6,125.0,5.3,6.0,6.7,318.0,6.7,308.0,6.4,6.0,6.3,32.0,6.3,31.0,0.0,0.0
141,tt9263550,8.8,52265.0,8.4,10927.0,8.4,501.0,7.5,31.0,8.9,27.0,4.0,3.0,8.6,3152.0,8.6,2920.0,8.4,108.0,8.3,5496.0,8.3,5195.0,8.5,213.0,7.4,602.0,7.4,537.0,7.5,48.0
142,tt11791964,6.9,1652.0,6.1,150.0,7.5,7.0,0.0,0.0,0.0,0.0,0.0,0.0,6.6,49.0,6.4,45.0,0.0,0.0,6.1,76.0,6.0,70.0,7.6,5.0,3.0,5.0,3.0,5.0,0.0,0.0
143,tt12004038,6.3,28881.0,6.3,14593.0,6.5,3199.0,7.6,12.0,8.1,8.0,6.5,4.0,6.6,2904.0,6.6,2198.0,6.6,572.0,6.3,10169.0,6.3,8201.0,6.4,1743.0,6.2,3704.0,6.1,3038.0,6.4,568.0
144,tt12530246,6.1,21442.0,6.0,10252.0,6.3,1113.0,5.4,15.0,6.7,10.0,3.8,5.0,6.2,1109.0,6.2,963.0,6.4,88.0,6.1,5789.0,6.1,5154.0,6.2,455.0,5.9,3544.0,5.9,3020.0,6.4,421.0
145,tt15433754,6.6,1703.0,6.2,254.0,7.0,12.0,10.0,7.0,10.0,7.0,0.0,0.0,6.9,169.0,6.9,159.0,5.8,8.0,5.2,49.0,5.2,46.0,10.0,2.0,3.5,4.0,3.5,4.0,0.0,0.0
146,tt23490532,6.8,1711.0,8.9,18.0,1.0,4.0,0.0,0.0,0.0,0.0,0.0,0.0,5.5,7.0,10.0,4.0,1.0,3.0,8.4,12.0,8.4,11.0,0.0,0.0,10.0,3.0,10.0,3.0,0.0,0.0
147,tt13801462,7.3,8066.0,5.3,374.0,4.8,14.0,7.0,1.0,0.0,0.0,7.0,1.0,5.8,109.0,5.7,95.0,5.2,5.0,5.4,169.0,5.4,163.0,1.0,4.0,4.1,33.0,4.1,33.0,0.0,0.0
148,tt22207602,6.8,1212.0,6.6,332.0,6.8,367.0,0.0,0.0,0.0,0.0,0.0,0.0,6.4,44.0,5.9,13.0,6.7,29.0,6.3,246.0,5.9,107.0,6.7,136.0,7.0,353.0,6.9,180.0,7.0,164.0
149,tt7798604,6.1,17300.0,6.0,7389.0,6.4,2693.0,5.6,8.0,5.6,7.0,0.0,0.0,5.9,984.0,5.8,653.0,6.2,268.0,5.9,5082.0,5.9,3671.0,6.3,1265.0,6.3,3240.0,6.2,2341.0,6.8,819.0
150,tt15427980,7.7,2418.0,7.0,306.0,6.3,15.0,8.6,5.0,9.5,4.0,7.0,1.0,7.3,125.0,7.3,115.0,8.0,3.0,6.8,124.0,6.8,117.0,7.5,6.0,5.6,10.0,4.6,8.0,6.0,1.0
151,tt7947604,6.8,4344.0,6.6,1206.0,6.9,123.0,6.7,3.0,8.0,2.0,4.0,1.0,6.9,198.0,6.9,147.0,7.0,43.0,6.6,582.0,6.6,511.0,6.8,56.0,6.6,465.0,6.5,439.0,7.3,12.0
152,tt12264966,6.5,1637.0,6.4,957.0,6.8,123.0,7.8,7.0,7.7,3.0,6.2,4.0,6.1,128.0,6.1,99.0,6.2,21.0,6.4,453.0,6.3,392.0,6.8,45.0,6.6,444.0,6.6,388.0,7.1,42.0
153,tt14176542,6.7,11915.0,6.7,6340.0,6.7,871.0,6.9,12.0,6.9,10.0,7.0,2.0,6.9,1496.0,6.9,1248.0,6.7,160.0,6.6,3730.0,6.5,3188.0,6.8,440.0,6.7,1648.0,6.7,1426.0,6.7,185.0
154,tt15477504,7.6,3185.0,7.5,881.0,7.2,36.0,8.0,3.0,9.0,2.0,7.0,1.0,7.8,220.0,7.8,205.0,7.5,7.0,7.4,460.0,7.4,441.0,6.9,14.0,7.3,76.0,7.3,70.0,8.3,4.0
155,tt15566896,6.4,1295.0,5.6,287.0,6.6,178.0,0.0,0.0,0.0,0.0,0.0,0.0,7.1,89.0,5.2,12.0,8.8,75.0,5.6,205.0,5.5,129.0,6.1,75.0,5.6,148.0,5.7,124.0,5.8,22.0
156,tt16246218,6.7,2698.0,4.5,46.0,6.0,4.0,0.0,0.0,0.0,0.0,0.0,0.0,2.0,7.0,1.7,6.0,3.0,1.0,6.1,22.0,5.9,21.0,7.0,1.0,4.3,19.0,4.4,15.0,7.0,2.0
157,tt23556804,6.0,1204.0,5.9,560.0,6.3,266.0,1.0,1.0,0.0,0.0,1.0,1.0,5.9,112.0,5.9,55.0,5.9,48.0,6.0,462.0,5.8,303.0,6.3,146.0,6.1,212.0,6.0,157.0,6.8,52.0
158,tt7322224,7.4,101970.0,7.4,49586.0,7.4,11648.0,7.1,143.0,7.2,96.0,6.5,44.0,7.6,12726.0,7.6,9388.0,7.6,2703.0,7.4,33610.0,7.4,26850.0,7.4,5947.0,7.1,11311.0,7.1,9162.0,7.0,1848.0
159,tt18687124,8.0,17257.0,3.8,107.0,9.7,537.0,7.8,4.0,0.0,0.0,7.8,4.0,8.7,196.0,6.6,26.0,9.8,164.0,7.2,256.0,2.3,49.0,9.6,196.0,6.9,102.0,4.2,19.0,9.8,80.0
160,tt13560574,6.6,118208.0,6.5,55061.0,6.4,8850.0,7.1,119.0,7.0,75.0,7.2,41.0,6.8,13481.0,6.8,10460.0,6.5,2294.0,6.5,34499.0,6.5,29280.0,6.3,4401.0,6.4,11715.0,6.4,10225.0,6.2,1204.0
161,tt15516726,6.0,9840.0,5.0,496.0,6.9,12.0,10.0,1.0,10.0,1.0,0.0,0.0,6.0,149.0,6.0,135.0,8.5,4.0,4.9,220.0,4.9,209.0,6.7,5.0,4.7,29.0,4.5,25.0,1.0,2.0
162,tt12262116,7.8,58140.0,7.7,28835.0,8.1,5528.0,8.0,36.0,8.0,28.0,8.2,6.0,7.8,4564.0,7.8,3699.0,7.9,593.0,7.7,18795.0,7.7,15717.0,7.9,2587.0,7.8,8619.0,7.7,6663.0,8.3,1703.0
163,tt18280338,7.5,1569.0,3.2,11.0,1.0,1.0,0.0,0.0,0.0,0.0,0.0,0.0,1.0,2.0,0.0,0.0,1.0,1.0,1.0,5.0,1.0,5.0,0.0,0.0,4.0,3.0,4.0,3.0,0.0,0.0
164,tt18372380,7.7,2605.0,5.0,7.0,1.0,1.0,0.0,0.0,0.0,0.0,0.0,0.0,1.0,2.0,0.0,0.0,1.0,1.0,5.0,4.0,5.0,4.0,0.0,0.0,0.0,0.0,0.0,0.0,0.0,0.0
165,tt22656762,6.9,1456.0,6.7,660.0,7.3,214.0,0.0,0.0,0.0,0.0,0.0,0.0,7.1,101.0,7.1,60.0,7.3,35.0,6.8,448.0,6.7,318.0,7.3,111.0,6.9,259.0,6.7,207.0,7.7,46.0
166,tt10196368,7.6,1309.0,7.5,698.0,8.0,200.0,0.0,0.0,0.0,0.0,0.0,0.0,7.6,53.0,7.4,37.0,8.0,12.0,7.4,364.0,7.3,275.0,7.8,78.0,7.7,465.0,7.6,355.0,8.1,100.0
167,tt11564570,7.2,357511.0,7.1,152157.0,7.2,35368.0,7.6,444.0,7.7,305.0,7.1,111.0,7.3,38708.0,7.3,28953.0,7.3,7553.0,7.1,99345.0,7.1,79447.0,7.2,17396.0,7.0,34862.0,7.0,27589.0,7.2,6306.0
168,tt12581150,6.8,1270.0,5.5,46.0,3.5,3.0,10.0,1.0,10.0,1.0,0.0,0.0,4.6,18.0,4.7,15.0,3.5,3.0,5.9,20.0,5.9,20.0,0.0,0.0,3.0,3.0,3.0,3.0,0.0,0.0
169,tt13650600,6.2,8479.0,6.1,4434.0,6.4,835.0,6.9,8.0,6.9,5.0,3.0,3.0,6.6,695.0,6.6,539.0,6.9,120.0,6.2,2856.0,6.2,2398.0,6.3,392.0,5.8,1406.0,5.7,1147.0,6.1,221.0
170,tt13913326,7.9,1432.0,7.9,836.0,8.2,134.0,0.0,0.0,0.0,0.0,0.0,0.0,8.0,92.0,7.9,68.0,8.5,21.0,7.9,503.0,7.8,434.0,8.2,62.0,7.9,310.0,7.9,263.0,8.1,42.0
171,tt14846026,7.6,1280.0,7.5,706.0,8.0,66.0,7.7,3.0,8.0,1.0,7.0,1.0,7.2,99.0,7.1,81.0,7.7,14.0,7.5,453.0,7.4,406.0,8.1,35.0,7.9,179.0,7.9,164.0,8.6,7.0
172,tt15801594,7.4,1164.0,7.2,436.0,7.8,92.0,6.0,1.0,6.0,1.0,0.0,0.0,7.3,108.0,7.2,77.0,8.1,25.0,7.4,282.0,7.3,234.0,7.5,38.0,7.1,100.0,7.0,80.0,7.9,16.0
173,tt16233952,6.2,7320.0,5.9,1987.0,6.5,2120.0,7.0,1.0,7.0,1.0,0.0,0.0,6.1,629.0,5.9,243.0,6.3,354.0,6.1,2084.0,5.8,969.0,6.4,1060.0,6.4,1079.0,6.1,595.0,6.9,454.0
174,tt5113044,6.5,70271.0,6.4,26903.0,6.8,5183.0,7.0,266.0,7.1,177.0,6.7,65.0,6.5,7175.0,6.4,5552.0,6.9,1185.0,6.4,16251.0,6.3,13414.0,6.7,2409.0,6.5,5895.0,6.5,4928.0,7.0,837.0
175,tt6931658,6.8,3159.0,6.8,1708.0,6.6,179.0,7.5,5.0,7.5,5.0,0.0,0.0,6.6,325.0,6.7,280.0,6.0,30.0,6.8,968.0,6.8,867.0,6.6,85.0,6.8,442.0,6.8,394.0,6.9,42.0
176,tt8129806,7.1,8200.0,7.1,4465.0,7.0,1020.0,7.2,14.0,7.3,9.0,7.0,5.0,7.0,809.0,7.0,648.0,7.0,134.0,7.0,2814.0,7.0,2269.0,6.9,487.0,7.1,1618.0,7.1,1269.0,7.1,313.0
177,tt8912936,7.2,66860.0,7.1,34354.0,8.3,14929.0,7.7,104.0,7.8,73.0,7.3,28.0,7.7,12752.0,7.4,7944.0,8.8,4608.0,7.1,21943.0,6.9,16100.0,7.9,5583.0,7.5,12885.0,7.3,8468.0,8.6,4340.0
178,tt10223460,6.1,34597.0,5.9,12836.0,6.2,7626.0,5.3,17.0,6.0,10.0,4.0,6.0,6.1,2906.0,6.0,1553.0,6.2,1184.0,5.9,10772.0,5.8,6616.0,6.1,3849.0,6.2,5296.0,6.1,3457.0,6.5,1696.0
179,tt10530838,6.3,1168.0,6.1,453.0,6.6,252.0,6.0,1.0,0.0,0.0,6.0,1.0,5.8,45.0,5.4,25.0,6.2,19.0,6.2,294.0,6.0,168.0,6.6,116.0,6.3,327.0,6.2,231.0,6.9,87.0
180,tt14107554,7.3,23350.0,7.0,5601.0,7.0,415.0,8.2,10.0,8.2,10.0,0.0,0.0,7.2,1443.0,7.2,1332.0,7.5,74.0,6.9,3335.0,6.9,3022.0,6.7,229.0,6.5,379.0,6.5,334.0,7.1,31.0
181,tt15097330,6.7,1315.0,6.5,439.0,7.3,17.0,0.0,0.0,0.0,0.0,0.0,0.0,6.7,114.0,6.7,106.0,5.1,5.0,6.5,253.0,6.5,245.0,7.6,7.0,6.3,24.0,6.3,24.0,0.0,0.0
182,tt15301048,7.6,22307.0,7.6,11888.0,7.8,1892.0,8.3,19.0,8.4,15.0,8.0,3.0,7.7,2167.0,7.7,1790.0,7.7,277.0,7.5,7246.0,7.5,6122.0,7.7,950.0,7.6,3457.0,7.5,2916.0,7.9,450.0
183,tt20851874,6.9,1633.0,6.7,976.0,7.1,51.0,10.0,1.0,10.0,1.0,0.0,0.0,6.5,131.0,6.5,122.0,6.2,5.0,6.9,658.0,6.9,616.0,6.9,30.0,6.4,176.0,6.4,162.0,7.4,10.0
184,tt4081630,6.7,14020.0,6.7,7319.0,6.7,1542.0,7.0,3.0,8.5,2.0,0.0,0.0,6.8,1138.0,6.8,874.0,6.7,213.0,6.6,4746.0,6.6,3885.0,6.6,748.0,6.7,2324.0,6.7,1870.0,6.9,398.0
185,tt11182994,7.6,1672.0,7.6,950.0,7.7,129.0,8.0,2.0,8.0,2.0,0.0,0.0,7.7,238.0,7.7,188.0,7.7,32.0,7.6,602.0,7.6,521.0,7.7,72.0,7.2,174.0,7.2,156.0,7.7,15.0
186,tt12971802,7.8,2698.0,7.6,1141.0,8.1,605.0,0.0,0.0,0.0,0.0,0.0,0.0,7.6,128.0,7.4,75.0,8.2,45.0,7.6,657.0,7.5,426.0,7.9,215.0,7.9,885.0,7.7,567.0,8.3,293.0
187,tt14056670,6.8,2196.0,6.5,602.0,7.2,9.0,7.5,3.0,7.5,3.0,0.0,0.0,6.7,154.0,6.7,148.0,4.3,3.0,6.5,320.0,6.5,312.0,8.8,4.0,6.2,35.0,6.3,34.0,0.0,0.0
188,tt15151020,8.9,1071.0,3.2,11.0,0.0,0.0,0.0,0.0,0.0,0.0,0.0,0.0,1.0,3.0,1.0,3.0,0.0,0.0,5.5,5.0,5.5,5.0,0.0,0.0,0.0,0.0,0.0,0.0,0.0,0.0
189,tt15509662,7.8,1447.0,3.5,14.0,10.0,3.0,0.0,0.0,0.0,0.0,0.0,0.0,10.0,2.0,10.0,2.0,0.0,0.0,3.8,10.0,6.0,7.0,10.0,3.0,6.0,4.0,6.0,4.0,0.0,0.0
190,tt21652640,7.6,1145.0,6.6,16.0,1.0,1.0,0.0,0.0,0.0,0.0,0.0,0.0,5.2,4.0,6.7,3.0,1.0,1.0,9.1,7.0,9.1,7.0,0.0,0.0,7.7,4.0,7.7,4.0,0.0,0.0
191,tt5315210,6.1,27806.0,6.0,12309.0,6.5,4084.0,4.5,7.0,3.8,4.0,5.3,3.0,6.0,1246.0,5.8,842.0,6.2,319.0,5.9,7416.0,5.8,5429.0,6.2,1754.0,6.2,6554.0,6.1,4869.0,6.8,1493.0
192,tt11460992,7.0,28491.0,6.7,5973.0,6.9,370.0,5.7,22.0,5.7,21.0,7.0,1.0,7.1,1714.0,7.1,1580.0,6.8,67.0,6.6,3252.0,6.6,2996.0,7.1,185.0,6.5,456.0,6.4,402.0,7.0,43.0
193,tt11934846,7.0,19309.0,6.9,5863.0,7.5,752.0,7.0,9.0,7.2,8.0,6.0,1.0,7.1,1715.0,7.0,1456.0,7.7,209.0,6.8,3572.0,6.8,3163.0,7.3,337.0,6.9,488.0,6.8,417.0,7.5,58.0
194,tt21929356,6.9,2927.0,6.9,1648.0,7.2,222.0,6.0,1.0,6.0,1.0,0.0,0.0,7.2,275.0,7.1,216.0,7.5,45.0,6.8,987.0,6.8,852.0,7.3,110.0,6.8,492.0,6.8,436.0,7.0,49.0
195,tt26160190,6.4,4114.0,6.3,1536.0,6.4,586.0,9.2,6.0,9.0,4.0,1.0,1.0,6.5,476.0,6.5,264.0,6.6,186.0,6.3,1079.0,6.2,801.0,6.4,257.0,6.2,380.0,6.1,298.0,6.4,72.0
196,tt11245972,6.3,123887.0,6.2,56210.0,6.4,11832.0,7.0,162.0,7.0,111.0,6.4,40.0,6.5,13077.0,6.5,9773.0,6.6,2466.0,6.2,39026.0,6.2,31602.0,6.4,6337.0,6.1,11239.0,6.0,9276.0,6.4,1653.0
197,tt14138650,6.6,94382.0,6.6,43697.0,6.7,9517.0,6.8,62.0,6.7,46.0,6.9,14.0,6.6,7353.0,6.6,5697.0,6.6,1254.0,6.5,27909.0,6.5,22521.0,6.6,4730.0,6.7,13860.0,6.7,11010.0,6.8,2477.0
198,tt14881696,8.4,1711.0,6.0,153.0,8.4,40.0,0.0,0.0,0.0,0.0,0.0,0.0,6.0,15.0,5.5,10.0,9.5,5.0,7.2,66.0,7.1,56.0,9.2,6.0,5.2,94.0,4.9,72.0,7.5,21.0
199,tt15452062,7.1,2562.0,7.0,1345.0,7.3,268.0,6.0,2.0,5.0,1.0,7.0,1.0,7.1,299.0,7.1,224.0,7.3,49.0,7.1,803.0,7.0,640.0,7.2,144.0,7.1,458.0,7.0,394.0,7.6,52.0
200,tt16794528,7.5,2016.0,2.2,14.0,1.0,2.0,0.0,0.0,0.0,0.0,0.0,0.0,5.0,3.0,9.0,2.0,1.0,1.0,3.7,5.0,5.0,4.0,1.0,1.0,2.0,6.0,2.0,6.0,0.0,0.0
201,tt20838498,6.3,1525.0,6.2,728.0,6.6,44.0,0.0,0.0,0.0,0.0,0.0,0.0,6.2,149.0,6.2,142.0,6.4,5.0,6.2,458.0,6.2,424.0,6.2,23.0,6.1,70.0,6.0,64.0,7.7,4.0
202,tt5181830,6.4,9975.0,6.3,4176.0,6.7,1295.0,7.0,24.0,7.0,11.0,7.0,13.0,6.5,1372.0,6.5,977.0,6.7,321.0,6.3,2846.0,6.3,2144.0,6.6,635.0,6.3,916.0,6.3,725.0,6.8,164.0
203,tt6710474,8.0,356268.0,7.9,153440.0,8.0,32321.0,8.6,455.0,8.7,323.0,8.1,111.0,8.3,42162.0,8.3,32115.0,8.4,7730.0,7.9,97302.0,7.9,79173.0,8.0,15725.0,7.3,31882.0,7.2,25892.0,7.4,5109.0
204,tt12062432,6.1,1094.0,5.9,149.0,6.3,8.0,0.0,0.0,0.0,0.0,0.0,0.0,5.9,41.0,5.9,39.0,6.0,2.0,6.1,84.0,6.0,75.0,6.0,3.0,6.4,14.0,6.4,12.0,8.0,2.0
205,tt13139228,6.5,17131.0,6.3,5114.0,6.7,2942.0,6.5,20.0,7.3,4.0,5.2,11.0,6.3,1627.0,6.1,790.0,6.6,707.0,6.3,3380.0,6.1,2050.0,6.6,1190.0,6.6,2539.0,6.5,1785.0,7.0,679.0
206,tt13845438,6.2,4883.0,5.8,1040.0,5.6,39.0,7.0,7.0,7.0,7.0,0.0,0.0,6.2,345.0,6.2,323.0,5.8,12.0,5.6,508.0,5.6,487.0,5.9,15.0,4.6,45.0,4.6,44.0,0.0,0.0
207,tt15325794,6.4,63734.0,6.4,29546.0,6.4,5212.0,6.0,72.0,6.7,49.0,4.8,20.0,6.3,6067.0,6.3,4587.0,6.4,1130.0,6.3,18851.0,6.3,15851.0,6.4,2530.0,6.4,7269.0,6.4,6163.0,6.4,928.0
208,tt21049266,6.8,1626.0,6.7,693.0,6.9,375.0,0.0,0.0,0.0,0.0,0.0,0.0,6.8,117.0,6.5,56.0,7.1,52.0,6.8,572.0,6.7,366.0,6.9,193.0,6.9,307.0,6.9,214.0,7.0,86.0
209,tt21617996,6.5,1960.0,6.4,654.0,6.7,58.0,8.5,2.0,8.5,2.0,0.0,0.0,6.4,163.0,6.4,140.0,6.6,20.0,6.3,407.0,6.3,382.0,7.2,22.0,6.3,49.0,6.3,43.0,5.7,5.0
210,tt21819250,7.4,4971.0,7.0,1124.0,7.4,1137.0,9.0,7.0,9.0,4.0,7.0,1.0,7.6,774.0,7.5,286.0,7.6,433.0,7.0,1030.0,6.8,530.0,7.3,470.0,7.1,311.0,7.0,211.0,7.5,91.0
211,tt23897324,6.8,2726.0,4.9,35.0,10.0,1.0,5.0,1.0,5.0,1.0,0.0,0.0,4.8,11.0,4.8,10.0,0.0,0.0,5.0,16.0,5.0,16.0,0.0,0.0,2.0,1.0,2.0,1.0,0.0,0.0
212,tt7693316,6.6,17698.0,6.5,8984.0,7.0,1127.0,5.5,23.0,7.1,16.0,3.3,7.0,6.7,1207.0,6.7,1013.0,6.7,134.0,6.5,4622.0,6.4,4106.0,6.8,419.0,6.7,3446.0,6.6,2945.0,7.4,427.0
213,tt10935956,8.0,2484.0,7.7,812.0,8.1,117.0,8.6,9.0,9.0,7.0,7.0,1.0,7.8,357.0,7.7,286.0,7.7,37.0,7.7,446.0,7.5,365.0,8.4,54.0,7.8,55.0,7.8,45.0,7.8,4.0
214,tt15760296,6.9,1943.0,6.1,239.0,9.0,8.0,5.9,11.0,5.9,10.0,10.0,1.0,6.8,158.0,6.7,150.0,9.0,6.0,4.7,43.0,4.7,43.0,0.0,0.0,7.0,6.0,5.5,5.0,10.0,1.0
215,tt17076046,7.0,26709.0,6.9,14414.0,7.0,2337.0,7.7,31.0,7.9,23.0,6.8,7.0,7.1,2018.0,7.1,1651.0,7.1,296.0,6.9,9232.0,6.9,7864.0,7.0,1162.0,6.9,4463.0,6.9,3733.0,7.1,644.0
216,tt20228436,7.7,2101.0,1.7,14.0,0.0,0.0,0.0,0.0,0.0,0.0,0.0,0.0,0.0,0.0,0.0,0.0,0.0,0.0,1.5,8.0,1.5,8.0,0.0,0.0,2.5,4.0,2.5,4.0,0.0,0.0
217,tt21819228,7.8,13988.0,7.6,5694.0,8.2,2343.0,8.4,6.0,8.4,5.0,8.0,1.0,7.8,1501.0,7.7,993.0,8.2,411.0,7.7,4797.0,7.6,3356.0,8.2,1277.0,7.6,1248.0,7.4,833.0,8.2,372.0
218,tt8983228,7.4,25250.0,7.2,5177.0,7.0,293.0,7.2,19.0,7.2,17.0,10.0,2.0,7.7,1386.0,7.7,1298.0,7.3,54.0,7.0,2975.0,7.0,2768.0,6.6,165.0,6.6,531.0,6.5,485.0,7.6,40.0
219,tt18561466,7.0,1196.0,5.2,77.0,7.0,3.0,0.0,0.0,0.0,0.0,0.0,0.0,5.5,25.0,5.5,24.0,10.0,1.0,5.6,33.0,5.5,32.0,6.0,1.0,4.4,9.0,4.1,8.0,0.0,0.0
220,tt22695428,6.8,1734.0,6.8,655.0,7.0,323.0,0.0,0.0,0.0,0.0,0.0,0.0,6.8,65.0,6.6,36.0,7.5,23.0,6.7,432.0,6.7,285.0,6.6,137.0,7.0,428.0,6.9,277.0,7.3,137.0
221,tt10648342,6.3,350659.0,6.2,144724.0,6.6,24652.0,6.4,522.0,6.5,393.0,5.9,94.0,6.2,36197.0,6.2,28796.0,6.6,5233.0,6.3,89059.0,6.2,74385.0,6.6,12319.0,6.3,28492.0,6.2,23818.0,6.7,3944.0
222,tt16077702,6.5,8437.0,6.3,2581.0,6.3,153.0,6.6,8.0,6.6,8.0,0.0,0.0,6.5,752.0,6.5,700.0,6.0,27.0,6.4,1483.0,6.3,1383.0,6.6,73.0,5.4,102.0,5.5,91.0,4.8,9.0
223,tt19879660,8.1,1803.0,7.4,350.0,8.9,9.0,10.0,1.0,10.0,1.0,0.0,0.0,7.6,88.0,7.6,86.0,10.0,1.0,7.5,163.0,7.5,155.0,9.7,5.0,5.8,24.0,5.8,24.0,0.0,0.0
224,tt20115138,6.6,1472.0,6.5,574.0,6.8,19.0,7.0,1.0,7.0,1.0,0.0,0.0,6.6,141.0,6.6,136.0,7.7,3.0,6.5,324.0,6.5,313.0,7.2,7.0,6.3,45.0,6.2,43.0,7.5,2.0
225,tt11998558,6.2,32111.0,5.4,3165.0,6.2,87.0,6.8,21.0,6.8,21.0,0.0,0.0,5.8,987.0,5.8,939.0,5.9,19.0,5.2,1248.0,5.2,1202.0,6.0,31.0,4.9,92.0,4.8,82.0,6.0,6.0
226,tt12412888,6.5,71132.0,6.4,33180.0,6.6,3724.0,7.1,174.0,7.1,143.0,7.0,22.0,6.5,7708.0,6.5,6572.0,6.7,733.0,6.4,21381.0,6.4,18891.0,6.6,1988.0,6.2,4674.0,6.2,4078.0,6.6,471.0
227,tt13399946,6.8,1548.0,6.8,767.0,7.3,114.0,6.0,1.0,0.0,0.0,6.0,1.0,7.1,143.0,7.1,100.0,6.4,20.0,6.8,420.0,6.7,348.0,7.4,59.0,6.8,301.0,6.8,264.0,7.4,29.0
228,tt19488344,6.2,1038.0,6.1,215.0,6.4,16.0,0.0,0.0,0.0,0.0,0.0,0.0,6.4,63.0,6.4,55.0,5.6,5.0,6.0,134.0,5.9,123.0,6.9,8.0,5.4,16.0,5.4,15.0,0.0,0.0
229,tt21994906,6.4,6539.0,6.3,2569.0,6.5,1298.0,6.9,5.0,5.0,1.0,7.0,3.0,6.3,533.0,6.4,300.0,6.3,193.0,6.3,1956.0,6.2,1240.0,6.4,667.0,6.5,1107.0,6.4,775.0,6.7,303.0
230,tt13245502,7.2,2992.0,7.0,831.0,6.3,27.0,8.0,12.0,8.0,12.0,0.0,0.0,7.0,319.0,7.0,299.0,7.5,6.0,7.0,397.0,7.0,376.0,5.9,14.0,6.8,25.0,6.7,23.0,9.0,2.0
231,tt14935966,6.4,2310.0,6.4,1197.0,6.4,265.0,5.3,3.0,8.0,1.0,4.0,2.0,6.6,178.0,6.7,127.0,6.4,45.0,6.5,786.0,6.5,643.0,6.3,122.0,6.2,416.0,6.2,345.0,6.6,65.0
232,tt14989778,7.8,2931.0,7.5,699.0,7.0,19.0,9.9,5.0,9.9,5.0,0.0,0.0,7.8,266.0,7.8,249.0,5.9,8.0,7.3,309.0,7.2,301.0,8.0,6.0,6.9,29.0,7.0,27.0,7.0,2.0
233,tt14992922,7.1,67879.0,7.1,28573.0,7.2,12258.0,6.7,38.0,7.4,28.0,4.2,10.0,7.1,8731.0,7.1,5091.0,7.2,2945.0,7.1,24027.0,7.1,16685.0,7.2,6556.0,7.1,5717.0,7.1,4102.0,7.3,1422.0
234,tt17524476,7.3,1359.0,6.7,284.0,7.4,501.0,0.0,0.0,0.0,0.0,0.0,0.0,7.1,50.0,6.2,8.0,7.4,40.0,7.0,260.0,6.0,76.0,7.4,180.0,7.2,415.0,7.0,180.0,7.4,222.0
235,tt22054798,7.5,2040.0,5.0,9.0,1.0,1.0,0.0,0.0,0.0,0.0,0.0,0.0,5.7,4.0,8.0,3.0,1.0,1.0,5.5,4.0,5.5,4.0,0.0,0.0,10.0,2.0,10.0,2.0,0.0,0.0
236,tt9288822,6.6,34084.0,6.6,13796.0,6.8,6325.0,6.4,14.0,6.5,7.0,6.5,5.0,6.7,2923.0,6.6,1700.0,6.7,1046.0,6.6,10274.0,6.5,6802.0,6.7,3189.0,6.7,5662.0,6.7,4114.0,6.8,1402.0
237,tt13275740,6.5,3202.0,6.1,208.0,5.7,14.0,4.0,1.0,4.0,1.0,0.0,0.0,6.1,54.0,6.2,46.0,1.0,8.0,6.1,119.0,6.1,114.0,6.0,5.0,6.2,15.0,6.2,15.0,0.0,0.0
238,tt13304584,8.2,2024.0,3.9,14.0,1.0,1.0,0.0,0.0,0.0,0.0,0.0,0.0,3.0,4.0,4.0,3.0,1.0,1.0,5.5,5.0,1.0,4.0,0.0,0.0,4.5,5.0,4.5,5.0,0.0,0.0
239,tt13846402,7.0,1796.0,6.9,890.0,7.0,247.0,7.8,4.0,7.8,4.0,0.0,0.0,7.2,170.0,7.3,106.0,7.1,51.0,6.8,550.0,6.8,406.0,6.9,131.0,7.0,379.0,6.9,323.0,7.0,48.0
240,tt14189076,6.5,4674.0,6.4,271.0,6.3,14.0,7.0,1.0,7.0,1.0,0.0,0.0,6.5,58.0,6.6,53.0,4.0,2.0,6.2,155.0,6.2,149.0,5.9,5.0,6.5,36.0,6.5,34.0,6.5,2.0
241,tt14670276,7.4,1459.0,7.1,212.0,7.7,12.0,10.0,3.0,10.0,3.0,0.0,0.0,7.9,75.0,7.9,67.0,7.5,6.0,6.6,105.0,6.6,95.0,9.3,4.0,8.0,6.0,8.0,6.0,0.0,0.0
242,tt16376494,7.1,1105.0,7.0,556.0,7.2,154.0,0.0,0.0,0.0,0.0,0.0,0.0,7.1,85.0,7.2,72.0,6.9,9.0,7.1,351.0,7.1,280.0,7.0,62.0,6.9,254.0,6.6,175.0,7.5,70.0
243,tt22227936,7.2,4651.0,7.1,2220.0,7.2,636.0,7.0,1.0,0.0,0.0,0.0,0.0,7.1,412.0,7.1,298.0,7.2,95.0,7.2,1846.0,7.1,1410.0,7.3,385.0,7.1,401.0,7.1,307.0,7.0,81.0
244,tt10083340,7.8,57212.0,6.7,10856.0,7.6,1923.0,6.5,42.0,6.4,36.0,7.8,6.0,7.1,3606.0,7.0,2885.0,7.8,531.0,6.6,6374.0,6.5,5338.0,7.5,857.0,7.0,1027.0,6.9,800.0,7.8,195.0
245,tt11278476,7.1,9158.0,6.9,3441.0,7.6,1833.0,6.7,7.0,6.6,5.0,7.0,2.0,7.2,729.0,7.1,395.0,7.3,284.0,7.0,2429.0,6.8,1584.0,7.5,776.0,7.2,1694.0,7.0,1102.0,7.9,550.0
246,tt12311620,6.2,5129.0,6.1,2899.0,6.6,351.0,7.5,4.0,7.5,2.0,7.5,2.0,6.5,388.0,6.5,351.0,6.7,31.0,6.1,1712.0,6.0,1513.0,6.4,158.0,6.2,960.0,6.1,827.0,6.8,117.0
247,tt12578564,6.9,4743.0,6.7,1646.0,7.3,524.0,6.0,5.0,6.2,4.0,0.0,0.0,7.1,655.0,6.9,427.0,7.4,187.0,6.7,1127.0,6.6,861.0,7.3,228.0,6.8,189.0,6.8,152.0,6.7,32.0
248,tt14807308,7.2,23068.0,7.1,10979.0,7.5,3483.0,6.8,10.0,6.7,7.0,8.3,3.0,7.2,2175.0,7.2,1548.0,7.4,536.0,7.1,7486.0,7.1,5564.0,7.4,1755.0,7.3,4040.0,7.3,3089.0,7.7,868.0
249,tt5301942,7.3,13350.0,7.2,4071.0,7.2,277.0,6.3,18.0,6.1,17.0,0.0,0.0,7.5,1211.0,7.4,1120.0,7.8,58.0,7.1,2237.0,7.1,2036.0,7.0,134.0,6.9,233.0,6.9,192.0,6.7,29.0
250,tt10709484,6.8,10114.0,6.3,2168.0,6.0,83.0,8.6,23.0,8.6,22.0,8.0,1.0,6.9,815.0,6.9,749.0,7.2,29.0,6.0,1007.0,6.1,964.0,5.6,33.0,5.3,82.0,5.1,78.0,6.0,2.0
251,tt11127404,6.1,3152.0,5.8,914.0,6.1,34.0,8.2,5.0,8.2,5.0,0.0,0.0,6.0,274.0,6.0,257.0,4.5,7.0,5.8,484.0,5.8,462.0,6.6,15.0,5.6,48.0,5.5,41.0,6.2,6.0
252,tt11727866,6.6,5684.0,6.4,1870.0,6.9,1531.0,3.0,5.0,6.5,2.0,4.3,3.0,6.6,399.0,6.5,184.0,6.8,198.0,6.6,1634.0,6.4,867.0,6.9,728.0,6.5,1138.0,6.4,659.0,6.9,443.0
253,tt14715848,6.9,1544.0,5.2,13.0,2.0,2.0,0.0,0.0,0.0,0.0,0.0,0.0,1.0,2.0,0.0,0.0,1.0,1.0,7.0,6.0,7.0,6.0,0.0,0.0,3.7,7.0,5.2,6.0,3.0,1.0
254,tt20100884,8.0,1426.0,4.8,43.0,6.0,3.0,0.0,0.0,0.0,0.0,0.0,0.0,6.0,9.0,6.0,8.0,0.0,0.0,4.9,29.0,4.8,26.0,6.0,3.0,5.5,5.0,5.5,5.0,0.0,0.0
255,tt20168564,6.3,3278.0,6.2,1675.0,6.7,206.0,7.0,2.0,7.0,2.0,0.0,0.0,6.4,235.0,6.4,177.0,6.4,49.0,6.2,915.0,6.2,819.0,6.6,76.0,6.1,577.0,6.1,523.0,6.6,45.0
256,tt26448005,6.3,1518.0,6.3,11.0,0.0,0.0,0.0,0.0,0.0,0.0,0.0,0.0,8.7,3.0,8.7,3.0,0.0,0.0,9.7,5.0,9.7,5.0,0.0,0.0,6.0,1.0,6.0,1.0,0.0,0.0
257,tt13531020,6.4,1787.0,6.2,498.0,5.6,34.0,6.0,1.0,6.0,1.0,0.0,0.0,6.3,108.0,6.4,99.0,5.3,7.0,6.3,305.0,6.2,285.0,6.4,16.0,5.6,45.0,5.6,40.0,7.3,3.0
258,tt14465706,6.3,3639.0,6.2,2209.0,6.2,129.0,9.0,7.0,10.0,6.0,6.0,1.0,6.7,204.0,6.7,176.0,6.4,18.0,6.2,1091.0,6.2,1010.0,5.9,51.0,6.2,875.0,6.2,809.0,6.6,48.0
259,tt17041964,7.7,18456.0,7.8,7908.0,7.2,2447.0,3.7,33.0,4.9,19.0,2.5,14.0,6.3,3227.0,6.8,2006.0,4.1,1160.0,7.9,4430.0,7.9,3588.0,7.9,735.0,8.0,2278.0,8.0,1793.0,8.2,431.0
260,tt19465630,6.3,3421.0,6.2,1582.0,7.6,93.0,7.0,4.0,7.0,4.0,0.0,0.0,6.9,161.0,6.7,132.0,8.2,24.0,6.4,810.0,6.3,751.0,7.9,39.0,6.1,540.0,6.1,507.0,6.9,19.0
261,tt22296044,6.6,1570.0,6.3,542.0,6.9,359.0,6.0,1.0,6.0,1.0,0.0,0.0,6.6,62.0,6.2,31.0,7.2,26.0,6.5,361.0,6.3,211.0,6.8,144.0,6.5,405.0,6.1,248.0,7.0,149.0
262,tt11291274,7.0,104350.0,6.9,55330.0,7.1,7977.0,7.2,74.0,7.3,58.0,6.5,12.0,7.1,10925.0,7.0,9153.0,7.1,1273.0,6.9,35343.0,6.9,30455.0,7.1,4091.0,6.9,12686.0,6.9,10603.0,7.2,1760.0
263,tt11915042,7.1,2278.0,6.4,412.0,6.7,17.0,8.8,5.0,8.8,5.0,0.0,0.0,6.9,130.0,6.9,123.0,4.7,3.0,6.3,197.0,6.3,190.0,7.2,4.0,5.4,24.0,5.4,22.0,9.0,1.0
264,tt13320622,6.1,129582.0,6.0,57293.0,6.6,17588.0,6.2,94.0,6.0,65.0,6.4,22.0,6.1,10997.0,6.0,7672.0,6.6,2671.0,6.0,39371.0,5.9,29611.0,6.5,8741.0,6.1,19132.0,6.0,14501.0,6.7,4113.0
265,tt14915198,6.8,7702.0,6.3,1060.0,5.8,27.0,6.1,8.0,6.1,8.0,0.0,0.0,6.6,361.0,6.6,338.0,4.8,10.0,6.2,479.0,6.2,459.0,6.7,12.0,5.5,40.0,5.5,37.0,0.0,0.0
266,tt17592606,9.1,13125.0,7.6,681.0,6.4,30.0,9.3,4.0,10.0,3.0,8.0,1.0,9.5,220.0,9.6,204.0,2.9,9.0,7.2,281.0,7.1,263.0,8.0,13.0,3.2,34.0,3.3,29.0,6.0,2.0
267,tt18357588,6.9,1148.0,6.9,631.0,6.8,94.0,7.2,5.0,7.0,2.0,0.0,0.0,7.2,201.0,7.2,164.0,6.9,24.0,6.9,380.0,6.9,326.0,6.8,46.0,5.8,80.0,5.7,68.0,6.5,11.0
268,tt9054970,6.7,15946.0,6.5,4472.0,6.4,329.0,8.4,6.0,8.4,6.0,0.0,0.0,6.7,1328.0,6.7,1217.0,6.4,79.0,6.4,2573.0,6.4,2372.0,6.4,159.0,6.3,251.0,6.3,217.0,6.4,27.0
269,tt12788488,6.5,11132.0,6.5,5872.0,6.4,1061.0,6.8,8.0,7.4,5.0,5.3,3.0,6.6,922.0,6.6,743.0,6.5,142.0,6.5,4058.0,6.5,3405.0,6.5,577.0,6.3,1512.0,6.3,1233.0,6.3,238.0
270,tt14542254,6.9,2601.0,6.9,1295.0,6.8,127.0,7.3,3.0,8.0,1.0,7.0,2.0,7.0,213.0,7.0,163.0,6.6,25.0,6.8,664.0,6.8,577.0,6.9,60.0,6.9,488.0,6.9,443.0,6.7,29.0
271,tt14641542,7.8,3804.0,7.8,1767.0,7.9,422.0,8.3,3.0,8.5,2.0,8.0,1.0,8.0,507.0,7.9,357.0,8.2,108.0,7.8,1045.0,7.8,800.0,7.7,199.0,7.6,542.0,7.6,445.0,7.8,82.0
272,tt14642626,6.1,11282.0,6.0,5626.0,6.1,1184.0,6.8,9.0,6.9,6.0,6.5,2.0,6.2,911.0,6.2,703.0,6.4,169.0,6.0,3843.0,6.0,3169.0,6.0,582.0,6.0,1602.0,6.0,1278.0,6.2,296.0
273,tt20854842,7.7,2230.0,7.1,253.0,8.1,11.0,8.0,3.0,9.0,2.0,6.0,1.0,7.3,84.0,7.3,78.0,8.7,4.0,6.9,103.0,6.7,96.0,9.0,3.0,6.0,6.0,6.0,6.0,0.0,0.0
274,tt11086194,7.3,2933.0,7.2,472.0,8.2,11.0,8.0,2.0,9.0,1.0,7.0,1.0,7.2,112.0,7.1,107.0,8.0,2.0,7.2,259.0,7.2,252.0,8.4,5.0,7.0,40.0,7.0,38.0,8.0,1.0
275,tt13126492,6.9,1471.0,6.6,356.0,6.0,5.0,0.0,0.0,0.0,0.0,0.0,0.0,6.6,92.0,6.6,89.0,4.5,2.0,6.8,174.0,6.8,171.0,6.5,2.0,5.3,29.0,5.3,29.0,0.0,0.0
276,tt13270424,6.7,5898.0,6.6,3269.0,6.9,480.0,7.3,8.0,7.3,6.0,7.5,2.0,6.8,403.0,6.8,336.0,6.9,49.0,6.6,1843.0,6.6,1578.0,6.8,221.0,6.6,1284.0,6.6,1079.0,7.2,171.0
277,tt13921588,7.0,1401.0,6.9,710.0,7.7,134.0,9.5,2.0,9.5,2.0,0.0,0.0,7.2,202.0,7.1,155.0,7.9,37.0,7.0,431.0,6.9,359.0,7.6,67.0,6.8,158.0,6.7,137.0,7.7,19.0
278,tt14668630,6.1,9497.0,5.9,4235.0,6.6,1124.0,6.8,60.0,6.4,10.0,6.9,48.0,5.8,668.0,5.7,465.0,6.4,161.0,6.0,2879.0,5.9,2281.0,6.5,528.0,6.1,1375.0,6.0,1090.0,6.9,250.0
279,tt15528292,6.1,2644.0,6.1,1357.0,6.2,127.0,9.3,3.0,9.0,2.0,10.0,1.0,6.8,233.0,6.8,189.0,6.6,32.0,6.0,705.0,6.1,648.0,5.8,42.0,5.7,397.0,5.7,358.0,6.1,34.0
280,tt15546822,8.0,4068.0,7.8,1463.0,7.8,45.0,8.2,9.0,8.2,8.0,8.0,1.0,8.1,474.0,8.1,448.0,7.9,12.0,7.7,729.0,7.7,705.0,7.9,19.0,7.7,67.0,7.7,65.0,5.0,1.0
281,tt21223140,7.8,1538.0,4.2,11.0,1.0,1.0,0.0,0.0,0.0,0.0,0.0,0.0,1.5,3.0,2.0,2.0,1.0,1.0,3.7,5.0,3.7,5.0,0.0,0.0,9.0,3.0,9.0,3.0,0.0,0.0
282,tt13873302,6.5,24999.0,6.5,13981.0,6.7,2062.0,6.4,11.0,6.6,8.0,6.0,2.0,6.5,1920.0,6.5,1556.0,6.6,259.0,6.4,8734.0,6.4,7512.0,6.6,999.0,6.6,4342.0,6.6,3671.0,6.9,577.0
283,tt14506528,6.1,7472.0,5.8,1456.0,6.3,2421.0,4.4,12.0,0.0,0.0,4.2,11.0,6.1,997.0,5.7,263.0,6.3,660.0,6.0,1942.0,5.7,678.0,6.3,1200.0,6.1,653.0,6.0,367.0,6.4,272.0
284,tt15083184,6.1,27879.0,6.1,12306.0,6.3,4093.0,6.0,11.0,6.3,3.0,6.0,4.0,6.1,1962.0,6.0,1225.0,6.2,590.0,6.1,8246.0,6.0,6067.0,6.2,1925.0,6.2,5107.0,6.2,3837.0,6.5,1116.0
285,tt8178634,7.9,139562.0,7.7,39463.0,7.9,2979.0,8.1,172.0,8.3,155.0,6.8,15.0,7.9,11473.0,7.9,10441.0,7.8,581.0,7.6,20844.0,7.6,18969.0,7.8,1422.0,7.4,4956.0,7.4,4236.0,8.1,572.0
286,tt9853500,6.4,7426.0,6.4,4505.0,6.4,506.0,6.0,1.0,6.0,1.0,0.0,0.0,6.4,313.0,6.4,273.0,6.6,29.0,6.3,2419.0,6.3,2189.0,6.2,191.0,6.4,1935.0,6.4,1673.0,6.4,230.0
287,tt11680472,7.6,1207.0,3.3,124.0,7.3,60.0,0.0,0.0,0.0,0.0,0.0,0.0,3.7,7.0,6.2,6.0,10.0,1.0,4.6,169.0,4.1,110.0,9.0,58.0,2.0,4.0,1.0,3.0,3.0,1.0
288,tt14439896,6.5,23446.0,6.4,11394.0,6.8,2282.0,5.4,18.0,6.7,13.0,4.8,4.0,6.4,1323.0,6.4,1095.0,6.6,150.0,6.3,6371.0,6.3,5364.0,6.5,838.0,6.7,5005.0,6.6,3845.0,7.1,1012.0
289,tt15376894,7.0,1798.0,6.9,1062.0,7.1,155.0,7.0,1.0,0.0,0.0,7.0,1.0,7.4,231.0,7.4,190.0,7.3,32.0,6.9,613.0,6.9,527.0,7.1,77.0,6.8,320.0,6.8,283.0,7.0,30.0
290,tt16183464,6.8,9446.0,6.6,2438.0,7.6,396.0,8.5,84.0,8.7,53.0,8.5,26.0,6.8,1127.0,6.7,914.0,7.5,141.0,6.6,1121.0,6.5,947.0,7.4,138.0,6.6,287.0,6.4,213.0,8.2,68.0
291,tt16899584,9.0,1197.0,8.9,635.0,9.3,90.0,0.0,0.0,0.0,0.0,0.0,0.0,9.0,125.0,8.9,103.0,9.1,17.0,8.9,302.0,8.9,262.0,8.9,36.0,9.0,260.0,8.9,225.0,9.7,28.0
292,tt21388560,6.8,2269.0,6.8,1403.0,6.7,116.0,0.0,0.0,0.0,0.0,0.0,0.0,6.8,155.0,6.8,133.0,7.2,8.0,6.8,1069.0,6.8,981.0,6.7,71.0,6.7,224.0,6.7,193.0,6.7,25.0
293,tt7985704,6.5,17118.0,6.5,8344.0,6.6,1174.0,5.2,12.0,6.6,10.0,4.5,2.0,6.5,2111.0,6.5,1706.0,6.6,311.0,6.5,4849.0,6.4,4154.0,6.6,571.0,6.5,1883.0,6.5,1661.0,6.7,178.0
294,tt14109724,6.2,43048.0,6.0,17914.0,6.4,7414.0,5.7,32.0,6.6,18.0,4.6,12.0,6.2,3648.0,6.1,2208.0,6.5,1226.0,6.1,12711.0,6.0,8825.0,6.3,3555.0,6.2,7240.0,6.1,5290.0,6.5,1762.0
295,tt15314640,6.5,2096.0,6.5,976.0,6.3,129.0,0.0,0.0,0.0,0.0,0.0,0.0,6.6,171.0,6.6,140.0,6.4,25.0,6.4,519.0,6.4,443.0,6.2,58.0,6.8,308.0,6.8,267.0,6.0,25.0
296,tt17097088,7.7,1378.0,7.6,564.0,7.7,77.0,8.0,1.0,8.0,1.0,0.0,0.0,7.7,148.0,7.6,120.0,8.1,19.0,7.6,316.0,7.5,275.0,7.6,33.0,7.6,150.0,7.7,126.0,7.4,22.0
297,tt17220704,6.7,15725.0,6.6,6906.0,7.0,1968.0,7.0,13.0,7.0,12.0,9.0,1.0,6.5,697.0,6.5,541.0,6.6,120.0,6.6,4132.0,6.6,3199.0,6.8,838.0,6.8,3361.0,6.7,2503.0,7.2,775.0
298,tt11023732,6.8,3216.0,6.4,509.0,6.8,40.0,9.0,3.0,9.0,3.0,0.0,0.0,6.9,155.0,6.9,141.0,7.3,8.0,6.3,291.0,6.3,269.0,6.2,19.0,5.7,30.0,5.6,25.0,6.8,4.0
299,tt14199258,6.6,1119.0,6.3,117.0,5.8,4.0,0.0,0.0,0.0,0.0,0.0,0.0,6.1,31.0,6.1,28.0,4.5,2.0,6.5,65.0,6.4,62.0,7.0,2.0,5.9,14.0,5.9,14.0,0.0,0.0
300,tt15361028,6.6,6589.0,6.5,2545.0,6.7,258.0,5.0,4.0,6.5,3.0,2.0,1.0,6.8,528.0,6.8,475.0,6.8,36.0,6.5,1689.0,6.5,1506.0,6.5,142.0,6.6,245.0,6.5,214.0,7.2,25.0
301,tt5884796,6.5,38493.0,6.4,20074.0,6.7,2242.0,6.4,43.0,7.1,32.0,5.1,11.0,6.5,3038.0,6.4,2567.0,6.9,324.0,6.4,11859.0,6.4,10561.0,6.5,1035.0,6.5,5756.0,6.5,5029.0,6.9,594.0
302,tt7461272,6.3,3548.0,6.1,1753.0,7.0,553.0,4.5,2.0,0.0,0.0,4.5,2.0,6.6,238.0,6.4,162.0,7.1,62.0,6.1,1069.0,5.9,808.0,6.9,235.0,6.4,866.0,6.2,654.0,7.2,192.0
303,tt10981012,6.3,2704.0,6.2,606.0,6.9,70.0,8.0,1.0,8.0,1.0,0.0,0.0,6.5,147.0,6.5,138.0,6.5,4.0,6.1,427.0,6.1,361.0,7.0,65.0,6.0,26.0,6.0,25.0,0.0,0.0
304,tt11157934,7.1,4127.0,2.6,56.0,1.0,3.0,0.0,0.0,0.0,0.0,0.0,0.0,4.0,6.0,5.5,4.0,1.0,2.0,2.4,41.0,2.2,39.0,0.0,0.0,3.7,6.0,3.7,6.0,0.0,0.0
305,tt11953194,6.2,3943.0,6.1,1084.0,5.8,113.0,6.2,4.0,6.2,4.0,0.0,0.0,6.4,413.0,6.4,373.0,6.5,27.0,5.8,565.0,5.8,500.0,5.9,55.0,5.4,58.0,5.6,51.0,3.7,6.0
306,tt12953750,7.2,1387.0,7.0,387.0,7.6,7.0,0.0,0.0,0.0,0.0,0.0,0.0,7.4,111.0,7.4,106.0,8.0,1.0,6.8,198.0,6.8,192.0,7.7,3.0,5.7,20.0,5.6,19.0,10.0,1.0
307,tt13833688,7.8,81609.0,7.7,36891.0,7.8,7565.0,7.9,116.0,8.0,83.0,7.6,33.0,7.8,10232.0,7.8,7995.0,7.8,1690.0,7.7,23614.0,7.7,19296.0,7.8,3724.0,7.6,7415.0,7.6,5977.0,7.8,1263.0
308,tt14369276,6.4,3713.0,6.2,1315.0,6.7,576.0,8.0,2.0,8.0,2.0,0.0,0.0,6.5,270.0,6.1,152.0,7.0,93.0,6.1,900.0,6.0,618.0,6.5,251.0,6.4,606.0,6.3,404.0,7.0,175.0
309,tt16377356,7.5,1224.0,7.2,465.0,8.1,289.0,7.0,1.0,0.0,0.0,7.0,1.0,7.5,79.0,7.2,45.0,8.2,32.0,7.3,334.0,7.1,215.0,7.9,111.0,7.6,311.0,7.3,183.0,8.2,117.0
310,tt23638596,7.5,2023.0,0.0,0.0,0.0,0.0,0.0,0.0,0.0,0.0,0.0,0.0,0.0,0.0,0.0,0.0,0.0,0.0,0.0,0.0,0.0,0.0,0.0,0.0,0.0,0.0,0.0,0.0,0.0,0.0
311,tt13320662,6.7,24174.0,6.6,10368.0,7.0,3858.0,5.7,30.0,5.7,12.0,5.7,17.0,6.5,1551.0,6.4,1003.0,6.8,452.0,6.6,7810.0,6.5,5602.0,7.0,1995.0,6.8,3773.0,6.7,2741.0,7.2,923.0
312,tt13845660,7.7,1198.0,7.6,634.0,7.7,155.0,7.9,5.0,8.3,3.0,9.5,2.0,7.7,153.0,7.7,107.0,7.7,35.0,7.6,395.0,7.6,309.0,7.6,76.0,7.6,203.0,7.6,171.0,7.3,30.0
313,tt15422244,8.0,2018.0,7.8,515.0,7.4,14.0,8.0,1.0,8.0,1.0,0.0,0.0,7.8,130.0,7.8,124.0,7.7,3.0,7.8,270.0,7.8,262.0,8.5,4.0,7.9,33.0,7.9,31.0,7.0,1.0
314,tt12003946,6.7,65357.0,6.7,31784.0,6.9,5257.0,7.0,119.0,6.9,81.0,7.1,32.0,6.6,5690.0,6.6,4585.0,6.7,879.0,6.6,19924.0,6.6,16891.0,6.8,2589.0,6.8,8607.0,6.8,7230.0,7.1,1187.0
315,tt12138574,6.4,1080.0,5.7,179.0,4.5,13.0,5.0,2.0,5.0,2.0,0.0,0.0,6.0,63.0,6.0,56.0,5.2,4.0,5.3,80.0,5.3,74.0,5.3,6.0,5.6,13.0,5.3,12.0,0.0,0.0
316,tt1488589,7.6,87195.0,7.5,39683.0,7.6,7971.0,8.4,262.0,8.3,161.0,8.5,95.0,7.8,10836.0,7.7,8483.0,7.7,1796.0,7.5,25257.0,7.5,20678.0,7.5,3948.0,7.4,8125.0,7.4,6639.0,7.7,1300.0
317,tt16953666,7.1,3922.0,7.1,2138.0,7.2,351.0,7.8,6.0,7.5,2.0,7.5,4.0,7.3,273.0,7.3,201.0,7.1,50.0,7.1,1237.0,7.0,1010.0,7.2,188.0,7.1,883.0,7.1,774.0,7.3,86.0
318,tt18550140,7.3,14110.0,7.3,5870.0,7.4,969.0,6.9,13.0,6.9,10.0,5.0,3.0,7.4,1453.0,7.4,1159.0,7.6,233.0,7.2,3660.0,7.2,3089.0,7.3,499.0,7.3,1310.0,7.3,1133.0,7.5,141.0
319,tt19407476,8.5,1520.0,1.5,12.0,0.0,0.0,0.0,0.0,0.0,0.0,0.0,0.0,2.0,2.0,2.0,2.0,0.0,0.0,3.7,5.0,3.7,5.0,0.0,0.0,2.0,4.0,2.0,4.0,0.0,0.0
320,tt7405458,7.5,35482.0,7.3,16068.0,7.8,3797.0,7.1,61.0,7.1,39.0,6.9,20.0,7.5,3018.0,7.4,2240.0,7.9,633.0,7.3,9412.0,7.3,7606.0,7.7,1585.0,7.5,5868.0,7.4,4627.0,7.9,1099.0
321,tt13534808,6.8,7607.0,6.5,1534.0,6.6,83.0,10.0,1.0,10.0,1.0,0.0,0.0,6.7,428.0,6.7,407.0,5.7,12.0,6.5,882.0,6.5,818.0,6.9,44.0,6.1,90.0,6.1,80.0,4.4,7.0
322,tt13841850,6.1,47660.0,6.1,24310.0,6.1,4446.0,6.6,27.0,6.3,16.0,6.9,8.0,6.2,5573.0,6.3,4385.0,6.1,878.0,6.1,15901.0,6.1,13164.0,6.1,2373.0,5.9,5688.0,5.9,4775.0,6.0,765.0
323,tt1630029,7.8,314693.0,7.7,118202.0,7.8,20696.0,8.0,547.0,7.9,375.0,8.1,136.0,7.8,35249.0,7.7,27246.0,7.9,5744.0,7.7,70052.0,7.7,58617.0,7.8,9536.0,7.7,20734.0,7.7,17486.0,7.8,2627.0
324,tt16825828,7.8,1159.0,4.7,12.0,0.0,0.0,0.0,0.0,0.0,0.0,0.0,0.0,7.3,3.0,7.3,3.0,0.0,0.0,5.7,5.0,5.7,5.0,0.0,0.0,0.0,0.0,0.0,0.0,0.0,0.0
325,tt10098448,7.8,3449.0,7.4,1116.0,8.4,412.0,6.4,5.0,6.4,5.0,0.0,0.0,7.0,146.0,6.9,106.0,7.4,26.0,7.3,441.0,7.1,339.0,8.1,93.0,7.8,781.0,7.6,528.0,8.6,233.0
326,tt10340562,6.5,12979.0,5.9,2556.0,6.8,104.0,5.9,15.0,5.9,15.0,0.0,0.0,6.6,1035.0,6.5,971.0,7.0,36.0,5.7,1099.0,5.7,1048.0,6.8,38.0,5.2,125.0,5.0,110.0,6.8,12.0
327,tt12477480,7.3,36591.0,7.3,18647.0,7.2,3510.0,7.8,45.0,8.1,34.0,7.1,10.0,7.5,5440.0,7.6,4301.0,7.3,908.0,7.2,11861.0,7.3,9831.0,7.1,1800.0,7.1,3554.0,7.1,3019.0,7.2,455.0
328,tt14195192,6.2,2835.0,6.1,890.0,6.8,30.0,6.8,5.0,6.8,5.0,0.0,0.0,6.6,278.0,6.6,265.0,7.2,9.0,5.9,437.0,5.9,420.0,6.5,12.0,5.7,64.0,5.6,59.0,5.3,3.0
329,tt15121860,6.3,2972.0,6.0,1008.0,6.2,71.0,8.0,1.0,8.0,1.0,0.0,0.0,6.3,245.0,6.3,214.0,5.8,21.0,6.0,610.0,6.0,567.0,6.1,28.0,5.2,80.0,5.1,75.0,6.2,5.0
330,tt15282172,6.3,1171.0,5.5,132.0,7.0,3.0,8.0,1.0,8.0,1.0,0.0,0.0,6.9,40.0,6.9,40.0,0.0,0.0,5.5,58.0,5.6,56.0,4.0,1.0,4.0,6.0,4.0,6.0,0.0,0.0
331,tt18376122,7.2,9589.0,6.9,3177.0,7.5,2600.0,8.2,5.0,10.0,2.0,8.3,3.0,7.3,675.0,7.0,244.0,7.6,380.0,7.1,3464.0,6.9,1890.0,7.5,1456.0,7.1,1356.0,6.9,813.0,7.5,504.0
332,tt19638504,8.7,1045.0,2.6,12.0,0.0,0.0,0.0,0.0,0.0,0.0,0.0,0.0,1.0,2.0,1.0,2.0,0.0,0.0,3.3,5.0,3.3,5.0,0.0,0.0,3.0,3.0,3.0,3.0,0.0,0.0
333,tt21288778,9.4,2578.0,9.1,272.0,7.7,15.0,8.0,2.0,8.0,2.0,0.0,0.0,9.4,94.0,9.5,88.0,7.0,4.0,8.9,114.0,8.8,101.0,9.9,8.0,5.8,11.0,6.1,10.0,5.0,1.0
334,tt21371218,6.8,1084.0,6.6,391.0,7.0,10.0,10.0,1.0,10.0,1.0,0.0,0.0,6.7,89.0,6.7,86.0,7.7,3.0,6.7,225.0,6.6,219.0,7.3,3.0,5.5,26.0,5.5,24.0,10.0,1.0
335,tt3704428,7.3,192134.0,7.2,77745.0,7.6,23774.0,7.6,256.0,7.7,171.0,7.2,74.0,7.3,18452.0,7.2,12828.0,7.5,4388.0,7.2,49906.0,7.2,37736.0,7.5,10714.0,7.4,25993.0,7.3,19341.0,7.8,5879.0
336,tt13535920,6.2,2396.0,6.2,1333.0,6.1,318.0,6.5,4.0,6.7,3.0,6.0,1.0,6.3,243.0,6.3,195.0,6.4,39.0,6.2,780.0,6.3,592.0,6.1,170.0,6.2,557.0,6.2,460.0,6.3,89.0
337,tt15255876,6.7,37592.0,6.7,20487.0,6.7,3380.0,7.3,16.0,7.8,9.0,6.9,7.0,6.7,2831.0,6.7,2253.0,6.7,467.0,6.7,12674.0,6.7,10767.0,6.7,1638.0,6.8,6966.0,6.8,5869.0,6.8,927.0
338,tt15465194,8.0,2270.0,4.8,79.0,5.8,9.0,8.0,1.0,0.0,0.0,8.0,1.0,6.4,14.0,6.4,14.0,0.0,0.0,4.5,52.0,4.1,46.0,6.8,4.0,3.3,12.0,3.4,11.0,2.0,1.0
339,tt15566126,6.6,7363.0,1.5,13.0,0.0,0.0,0.0,0.0,0.0,0.0,0.0,0.0,10.0,2.0,10.0,2.0,0.0,0.0,1.1,10.0,1.1,10.0,0.0,0.0,0.0,0.0,0.0,0.0,0.0,0.0
340,tt19770970,6.8,1118.0,6.6,405.0,7.1,71.0,8.6,9.0,6.9,6.0,9.5,2.0,6.7,171.0,6.6,134.0,7.1,32.0,6.7,225.0,6.6,190.0,6.9,27.0,6.3,30.0,6.3,28.0,6.5,2.0
341,tt21359036,6.1,1549.0,5.8,401.0,6.2,458.0,0.0,0.0,0.0,0.0,0.0,0.0,6.0,33.0,6.2,12.0,5.8,17.0,5.8,310.0,5.4,135.0,6.2,169.0,6.2,465.0,6.1,233.0,6.3,216.0
342,tt9764362,7.2,262645.0,7.2,109739.0,7.2,27082.0,7.4,329.0,7.5,215.0,7.0,96.0,7.3,30394.0,7.3,22166.0,7.3,6438.0,7.1,72948.0,7.1,57753.0,7.2,13272.0,7.1,23262.0,7.1,18468.0,7.1,4166.0
343,tt26425683,8.7,1569.0,6.9,36.0,9.3,83.0,0.0,0.0,0.0,0.0,0.0,0.0,8.3,37.0,6.8,10.0,9.4,24.0,8.4,46.0,7.5,13.0,9.2,33.0,7.7,14.0,6.7,6.0,9.8,8.0
344,tt11866324,7.1,201420.0,7.1,104862.0,7.2,10343.0,7.3,107.0,7.4,85.0,7.2,16.0,7.2,15610.0,7.2,13376.0,7.2,1439.0,7.1,64557.0,7.1,57572.0,7.1,5453.0,7.1,25230.0,7.1,22435.0,7.3,2191.0
345,tt13635908,7.5,1040.0,3.3,9.0,0.0,0.0,0.0,0.0,0.0,0.0,0.0,0.0,0.0,0.0,0.0,0.0,0.0,0.0,3.3,5.0,3.3,5.0,0.0,0.0,0.0,0.0,0.0,0.0,0.0,0.0
346,tt14317880,6.6,2959.0,6.5,1711.0,6.9,205.0,7.7,5.0,9.0,1.0,5.0,4.0,6.9,261.0,6.8,201.0,7.4,32.0,6.5,1004.0,6.5,866.0,6.9,113.0,6.4,572.0,6.4,511.0,6.1,45.0
347,tt16915972,6.9,2391.0,6.8,883.0,6.7,181.0,6.2,5.0,6.2,5.0,0.0,0.0,7.0,279.0,7.0,220.0,6.9,51.0,6.8,498.0,6.8,420.0,6.7,72.0,6.2,130.0,6.3,114.0,5.9,15.0
348,tt19315924,6.6,4208.0,4.8,275.0,5.6,32.0,6.0,1.0,6.0,1.0,0.0,0.0,5.7,80.0,5.6,70.0,7.4,9.0,4.6,152.0,4.6,133.0,5.2,15.0,4.2,33.0,4.2,29.0,5.5,4.0
349,tt22486094,7.2,1097.0,6.8,234.0,7.0,7.0,10.0,1.0,10.0,1.0,0.0,0.0,7.3,87.0,7.2,83.0,5.5,2.0,6.6,113.0,6.6,107.0,7.5,4.0,6.7,11.0,6.7,10.0,7.0,1.0
350,tt11703710,7.4,25062.0,7.2,9239.0,7.6,5695.0,7.2,6.0,7.0,4.0,6.5,2.0,7.4,1398.0,7.3,739.0,7.6,569.0,7.2,6513.0,7.1,3770.0,7.4,2573.0,7.4,6137.0,7.3,4012.0,7.8,1957.0
351,tt12593682,7.3,315457.0,7.2,136410.0,7.4,23781.0,7.6,418.0,7.6,312.0,7.1,86.0,7.4,31829.0,7.4,25238.0,7.5,4696.0,7.2,82932.0,7.2,69525.0,7.4,11298.0,7.1,32043.0,7.1,26435.0,7.4,4727.0
352,tt12915842,6.7,1423.0,6.2,322.0,7.3,15.0,10.0,2.0,10.0,2.0,0.0,0.0,6.6,111.0,6.5,103.0,9.5,2.0,6.2,147.0,6.1,136.0,7.4,10.0,4.9,19.0,4.8,18.0,6.0,1.0
353,tt14182646,7.4,7199.0,7.0,1553.0,6.1,47.0,7.8,9.0,7.8,9.0,0.0,0.0,7.3,505.0,7.3,472.0,5.9,14.0,6.9,758.0,6.9,729.0,6.3,20.0,6.1,74.0,6.1,70.0,8.0,3.0
354,tt20256556,7.1,3503.0,6.9,1467.0,6.9,202.0,5.5,5.0,5.5,5.0,0.0,0.0,7.7,149.0,7.5,113.0,9.2,29.0,7.0,813.0,7.0,721.0,7.5,76.0,6.5,573.0,6.6,490.0,5.4,70.0
355,tt13131350,7.1,17533.0,7.0,3367.0,7.0,187.0,7.2,11.0,7.5,10.0,5.0,1.0,7.4,1069.0,7.4,975.0,7.2,48.0,6.8,1615.0,6.8,1510.0,7.0,76.0,5.9,188.0,5.8,157.0,6.8,25.0
356,tt13430858,6.6,1956.0,6.4,707.0,7.0,303.0,6.5,2.0,0.0,0.0,6.5,2.0,6.3,213.0,6.1,142.0,6.7,63.0,6.7,425.0,6.5,277.0,7.2,136.0,6.6,292.0,6.5,212.0,6.9,71.0
357,tt13599178,7.4,1540.0,5.9,25.0,7.3,3.0,0.0,0.0,0.0,0.0,0.0,0.0,4.1,10.0,4.3,8.0,6.0,2.0,9.1,15.0,8.2,13.0,10.0,1.0,0.0,0.0,0.0,0.0,0.0,0.0
358,tt17511190,7.9,1357.0,7.9,834.0,8.2,32.0,0.0,0.0,0.0,0.0,0.0,0.0,6.7,44.0,6.7,43.0,8.0,1.0,7.8,410.0,7.8,392.0,7.6,12.0,8.1,366.0,8.1,342.0,8.4,15.0
359,tt20420316,7.5,2616.0,7.5,1514.0,7.3,196.0,0.0,0.0,0.0,0.0,0.0,0.0,7.4,206.0,7.4,167.0,7.2,31.0,7.5,976.0,7.5,846.0,7.3,110.0,7.5,417.0,7.5,367.0,7.5,36.0
360,tt21059394,6.8,3105.0,4.3,77.0,4.4,5.0,0.0,0.0,0.0,0.0,0.0,0.0,6.8,27.0,7.4,23.0,5.3,3.0,3.7,33.0,3.6,32.0,5.0,1.0,3.5,11.0,3.5,11.0,0.0,0.0
361,tt7529298,6.8,15990.0,6.4,3434.0,6.7,101.0,6.4,19.0,6.2,17.0,7.0,1.0,6.8,1160.0,6.8,1094.0,6.9,23.0,6.2,1644.0,6.2,1570.0,6.4,41.0,5.4,201.0,5.4,188.0,5.6,10.0
362,tt9198364,6.7,39741.0,6.7,21158.0,6.9,4185.0,7.2,24.0,7.0,15.0,7.5,6.0,6.8,3844.0,6.7,3049.0,6.8,619.0,6.7,13805.0,6.6,11356.0,6.8,2171.0,6.8,6261.0,6.8,5118.0,7.1,987.0
363,tt10473036,6.3,2771.0,6.2,1317.0,6.6,433.0,7.3,79.0,7.5,10.0,7.2,69.0,6.0,155.0,5.9,108.0,6.3,41.0,6.3,926.0,6.2,699.0,6.5,212.0,6.3,474.0,6.3,391.0,7.0,73.0
364,tt15839898,7.1,1870.0,3.9,30.0,3.5,2.0,0.0,0.0,0.0,0.0,0.0,0.0,4.8,10.0,5.2,9.0,1.0,1.0,4.1,17.0,3.8,16.0,6.0,1.0,2.0,4.0,2.0,4.0,0.0,0.0
365,tt20193354,7.6,1236.0,7.4,331.0,7.7,359.0,0.0,0.0,0.0,0.0,0.0,0.0,7.7,32.0,7.5,16.0,7.7,16.0,7.2,239.0,6.6,101.0,7.6,135.0,7.7,374.0,7.7,192.0,7.7,172.0
366,tt8115900,6.8,45627.0,6.7,19829.0,6.9,3798.0,7.4,151.0,7.4,105.0,7.4,40.0,6.9,4453.0,6.9,3497.0,7.1,713.0,6.7,13009.0,6.7,10746.0,6.9,1943.0,6.6,4244.0,6.6,3519.0,6.8,622.0
367,tt10687116,7.4,11191.0,7.2,4257.0,7.5,927.0,7.6,25.0,7.4,20.0,6.5,4.0,7.5,1761.0,7.5,1339.0,7.6,310.0,7.2,2453.0,7.2,1982.0,7.4,406.0,6.9,505.0,6.8,415.0,7.5,76.0
368,tt11731024,6.5,1856.0,6.1,399.0,5.2,10.0,8.7,4.0,8.7,4.0,0.0,0.0,7.2,130.0,7.2,123.0,0.0,0.0,5.8,186.0,5.8,179.0,5.3,3.0,3.8,26.0,3.8,24.0,3.5,2.0
369,tt13702796,6.5,1509.0,6.4,880.0,6.4,117.0,7.5,4.0,0.0,0.0,6.7,3.0,6.9,161.0,7.0,131.0,6.2,23.0,6.5,476.0,6.5,403.0,6.4,60.0,6.1,312.0,6.0,284.0,7.3,22.0
370,tt14253846,6.6,24014.0,6.6,12691.0,6.7,2586.0,5.9,8.0,6.7,7.0,5.0,1.0,6.7,2529.0,6.7,1932.0,6.8,471.0,6.6,8722.0,6.6,7136.0,6.7,1410.0,6.4,3168.0,6.4,2615.0,6.6,475.0
371,tt14438964,6.8,8780.0,6.5,1784.0,6.8,178.0,8.5,2.0,8.5,2.0,0.0,0.0,6.9,428.0,6.9,392.0,6.5,24.0,6.4,1054.0,6.3,939.0,6.9,98.0,6.6,164.0,6.6,146.0,7.0,11.0
372,tt15553956,6.3,5331.0,6.0,1370.0,6.6,1092.0,5.8,11.0,5.8,5.0,6.8,4.0,6.3,776.0,6.0,345.0,6.7,383.0,6.2,1123.0,6.0,639.0,6.6,454.0,6.2,371.0,6.0,247.0,6.9,113.0
373,tt19623228,7.2,2156.0,7.2,1227.0,7.1,216.0,9.0,1.0,9.0,1.0,0.0,0.0,7.4,277.0,7.4,220.0,7.5,45.0,7.2,749.0,7.2,609.0,7.0,123.0,7.0,356.0,7.0,316.0,7.1,32.0
374,tt24218264,8.6,1114.0,3.0,9.0,0.0,0.0,0.0,0.0,0.0,0.0,0.0,0.0,3.2,4.0,3.2,4.0,0.0,0.0,6.5,3.0,6.5,3.0,0.0,0.0,9.0,1.0,9.0,1.0,0.0,0.0
375,tt9883832,7.8,9629.0,7.7,5003.0,7.9,999.0,8.3,13.0,8.3,10.0,8.7,3.0,7.9,1086.0,7.9,815.0,7.8,204.0,7.7,2626.0,7.7,2154.0,7.9,409.0,7.7,1970.0,7.7,1630.0,7.9,293.0
376,tt14090476,9.0,2668.0,7.6,252.0,9.0,11.0,10.0,1.0,10.0,1.0,0.0,0.0,9.1,85.0,9.1,78.0,10.0,3.0,7.5,110.0,7.5,103.0,8.0,5.0,2.9,13.0,2.6,11.0,9.0,2.0
377,tt15809718,7.2,1041.0,2.7,11.0,6.0,5.0,0.0,0.0,0.0,0.0,0.0,0.0,1.0,1.0,1.0,1.0,0.0,0.0,4.3,7.0,3.0,5.0,6.0,1.0,6.5,3.0,6.5,3.0,0.0,0.0
378,tt11396226,8.0,3486.0,7.7,767.0,7.0,37.0,6.7,3.0,6.7,3.0,0.0,0.0,7.9,354.0,7.9,329.0,6.7,18.0,7.4,302.0,7.4,283.0,7.1,14.0,7.1,21.0,7.1,20.0,10.0,1.0
379,tt11930126,7.0,5234.0,7.0,2808.0,7.1,571.0,7.0,5.0,9.0,2.0,5.7,3.0,7.3,589.0,7.3,436.0,7.2,126.0,7.0,1655.0,7.0,1332.0,7.0,275.0,6.9,968.0,6.8,823.0,7.0,119.0
380,tt12735856,7.8,2012.0,2.8,12.0,1.0,1.0,0.0,0.0,0.0,0.0,0.0,0.0,4.5,3.0,8.0,2.0,1.0,1.0,1.0,5.0,1.0,5.0,0.0,0.0,0.0,0.0,0.0,0.0,0.0,0.0
381,tt13328800,7.1,1546.0,7.0,776.0,7.4,227.0,7.0,3.0,8.0,1.0,6.5,2.0,7.3,200.0,7.2,130.0,7.4,57.0,7.2,557.0,7.1,416.0,7.3,129.0,6.8,224.0,6.7,194.0,8.1,21.0
382,tt13557082,6.2,2384.0,6.0,383.0,6.3,10.0,8.0,1.0,8.0,1.0,0.0,0.0,6.2,126.0,6.3,120.0,2.5,2.0,5.9,180.0,5.9,175.0,5.2,4.0,5.6,19.0,5.6,18.0,0.0,0.0
383,tt13669038,7.0,19898.0,6.9,9466.0,7.4,2925.0,7.6,40.0,7.4,26.0,8.1,14.0,7.1,2360.0,7.0,1812.0,7.4,464.0,6.9,6226.0,6.8,4765.0,7.3,1343.0,7.0,3113.0,6.9,2204.0,7.5,857.0
384,tt14091152,7.9,2234.0,6.6,143.0,3.5,60.0,0.0,0.0,0.0,0.0,0.0,0.0,5.8,9.0,6.4,8.0,1.0,1.0,6.3,178.0,6.3,119.0,6.0,59.0,5.4,10.0,5.4,10.0,0.0,0.0
385,tt14128670,6.3,34400.0,6.3,18963.0,6.3,3128.0,6.1,24.0,6.9,17.0,5.0,4.0,6.5,3075.0,6.5,2396.0,6.3,518.0,6.3,11555.0,6.3,9814.0,6.2,1498.0,6.3,6214.0,6.3,5278.0,6.3,774.0
386,tt14779470,7.6,1059.0,3.1,13.0,1.0,1.0,0.0,0.0,0.0,0.0,0.0,0.0,2.6,6.0,4.0,5.0,1.0,1.0,7.0,4.0,7.0,4.0,0.0,0.0,0.0,0.0,0.0,0.0,0.0,0.0
387,tt15373762,9.0,1158.0,1.0,15.0,0.0,0.0,0.0,0.0,0.0,0.0,0.0,0.0,1.0,4.0,1.0,4.0,0.0,0.0,1.0,7.0,1.0,7.0,0.0,0.0,0.0,0.0,0.0,0.0,0.0,0.0
388,tt21261388,8.1,5791.0,7.9,1944.0,8.3,104.0,8.5,8.0,8.5,8.0,0.0,0.0,8.2,605.0,8.1,555.0,8.5,28.0,7.9,1019.0,7.9,960.0,8.2,48.0,7.1,111.0,7.0,106.0,7.5,2.0
389,tt21908892,7.7,1056.0,5.4,12.0,1.5,2.0,0.0,0.0,0.0,0.0,0.0,0.0,2.0,3.0,3.0,2.0,1.0,1.0,3.2,6.0,3.7,5.0,2.0,1.0,0.0,0.0,0.0,0.0,0.0,0.0
390,tt22247482,7.7,2358.0,7.2,493.0,7.9,795.0,0.0,0.0,0.0,0.0,0.0,0.0,8.0,72.0,7.7,23.0,8.2,47.0,7.2,463.0,6.7,162.0,7.7,293.0,7.8,667.0,7.5,274.0,8.1,371.0
391,tt4595186,6.4,48884.0,6.2,15446.0,6.6,12168.0,6.1,28.0,6.0,11.0,6.2,16.0,6.5,4207.0,6.2,1646.0,6.7,2247.0,6.3,15648.0,6.1,8514.0,6.6,6642.0,6.3,5878.0,6.2,3839.0,6.7,1865.0
392,tt8595016,7.2,1272.0,7.1,651.0,7.2,181.0,0.0,0.0,0.0,0.0,0.0,0.0,7.3,68.0,7.3,46.0,7.5,19.0,7.1,374.0,7.2,276.0,7.1,91.0,7.1,347.0,7.0,277.0,7.5,60.0
393,tt10999120,6.6,40897.0,6.4,16317.0,7.0,6016.0,6.7,48.0,7.3,38.0,4.8,10.0,6.4,2645.0,6.4,1823.0,6.6,666.0,6.5,11365.0,6.4,8262.0,6.9,2808.0,6.7,6499.0,6.5,4535.0,7.3,1778.0
394,tt12484724,6.9,2582.0,6.4,497.0,6.9,23.0,0.0,0.0,0.0,0.0,0.0,0.0,6.7,112.0,6.8,107.0,7.0,5.0,6.3,303.0,6.3,283.0,7.3,12.0,5.6,34.0,5.5,32.0,7.0,1.0
395,tt13352968,7.2,26647.0,7.1,11129.0,7.5,5265.0,7.6,10.0,7.7,8.0,6.5,2.0,7.2,2292.0,7.1,1475.0,7.4,701.0,7.1,7979.0,7.0,5323.0,7.4,2453.0,7.3,5204.0,7.2,3490.0,7.7,1570.0
396,tt14456350,6.3,7560.0,6.2,2613.0,6.5,1764.0,10.0,1.0,10.0,1.0,0.0,0.0,6.4,654.0,6.3,312.0,6.5,296.0,6.3,2274.0,6.2,1283.0,6.4,925.0,6.3,1122.0,6.1,750.0,6.7,347.0
397,tt15043686,6.5,1247.0,6.5,396.0,6.7,15.0,0.0,0.0,0.0,0.0,0.0,0.0,6.1,71.0,6.1,66.0,5.7,3.0,6.6,247.0,6.6,236.0,6.6,8.0,6.3,39.0,6.3,38.0,0.0,0.0
398,tt15163652,6.2,26575.0,5.7,3061.0,4.8,72.0,5.7,14.0,5.7,14.0,0.0,0.0,6.1,855.0,6.1,812.0,5.2,11.0,5.6,1383.0,5.6,1332.0,4.3,30.0,4.7,134.0,4.7,124.0,6.0,6.0
399,tt2463208,6.7,209020.0,6.6,97391.0,7.0,21403.0,7.1,243.0,7.0,176.0,7.1,52.0,6.6,18971.0,6.6,14240.0,6.8,3519.0,6.5,64119.0,6.5,51723.0,6.9,10649.0,6.8,26329.0,6.7,21005.0,7.3,4588.0
400,tt8093700,6.8,54851.0,6.6,22834.0,7.8,5874.0,6.7,35.0,6.7,25.0,6.1,10.0,7.0,4102.0,6.9,3050.0,7.7,869.0,6.7,14618.0,6.5,11653.0,7.7,2625.0,6.6,7390.0,6.4,5661.0,7.9,1543.0
401,tt10643926,6.6,1123.0,6.3,385.0,6.8,262.0,6.0,1.0,0.0,0.0,6.0,1.0,6.4,50.0,5.9,24.0,7.1,25.0,6.2,262.0,6.1,157.0,6.4,98.0,6.8,286.0,6.5,169.0,7.2,106.0
402,tt11592014,6.2,1157.0,6.1,623.0,6.3,146.0,0.0,0.0,0.0,0.0,0.0,0.0,6.2,72.0,6.2,55.0,6.3,14.0,6.0,390.0,6.0,301.0,6.1,77.0,6.3,261.0,6.3,215.0,6.6,41.0
403,tt13531468,7.1,2131.0,7.0,1002.0,7.4,258.0,7.0,2.0,0.0,0.0,7.0,2.0,7.2,185.0,7.2,114.0,7.3,48.0,6.9,586.0,6.9,443.0,7.2,126.0,7.2,460.0,7.1,376.0,7.6,65.0
404,tt16077750,7.8,1980.0,4.8,10.0,1.0,1.0,0.0,0.0,0.0,0.0,0.0,0.0,1.0,1.0,0.0,0.0,1.0,1.0,4.8,7.0,4.8,7.0,0.0,0.0,0.0,0.0,0.0,0.0,0.0,0.0
405,tt21379370,6.5,1840.0,5.7,10.0,1.0,1.0,0.0,0.0,0.0,0.0,0.0,0.0,3.5,4.0,6.0,3.0,1.0,1.0,10.0,4.0,10.0,4.0,0.0,0.0,4.0,4.0,1.0,3.0,0.0,0.0
406,tt10640346,7.3,90066.0,7.2,38916.0,7.0,7493.0,7.9,157.0,8.2,111.0,6.5,40.0,7.6,11636.0,7.6,9036.0,7.4,1935.0,7.1,22436.0,7.2,18472.0,6.9,3392.0,6.8,9016.0,6.8,7437.0,6.5,1325.0
407,tt12519030,6.3,11232.0,6.2,6090.0,6.4,1153.0,7.0,1.0,0.0,0.0,7.0,1.0,6.3,978.0,6.3,771.0,6.4,159.0,6.3,4145.0,6.2,3392.0,6.4,646.0,6.2,1743.0,6.2,1465.0,6.4,235.0
408,tt13131232,7.2,40032.0,6.1,4023.0,6.2,281.0,5.5,9.0,5.5,9.0,0.0,0.0,6.5,1039.0,6.5,940.0,6.4,53.0,6.1,2271.0,6.1,2093.0,6.1,125.0,5.6,331.0,5.6,288.0,5.9,34.0
409,tt14369780,6.6,17030.0,6.4,4185.0,6.8,5052.0,4.0,9.0,5.0,2.0,3.4,6.0,6.5,1658.0,6.3,522.0,6.7,1035.0,6.5,4512.0,6.3,1823.0,6.7,2553.0,6.6,2416.0,6.5,1457.0,6.9,889.0
410,tt10290116,6.2,1454.0,5.4,215.0,1.0,26.0,9.5,2.0,9.5,2.0,0.0,0.0,5.6,55.0,6.2,50.0,1.0,3.0,5.1,135.0,5.1,112.0,0.0,0.0,4.3,5.0,4.3,5.0,0.0,0.0
411,tt13334870,6.1,2334.0,6.1,581.0,6.4,30.0,6.5,4.0,6.5,4.0,0.0,0.0,6.2,151.0,6.2,141.0,5.4,5.0,6.0,331.0,6.0,315.0,6.4,13.0,6.4,37.0,6.3,34.0,0.0,0.0
412,tt15341106,9.1,4466.0,7.1,93.0,6.3,3.0,7.5,2.0,8.0,1.0,7.0,1.0,7.4,40.0,7.4,38.0,5.0,1.0,7.1,36.0,7.1,35.0,7.0,1.0,6.0,7.0,6.0,7.0,0.0,0.0
413,tt16377862,6.9,3060.0,6.9,1737.0,6.9,306.0,6.0,2.0,5.0,1.0,7.0,1.0,7.0,329.0,7.1,275.0,6.3,42.0,6.9,1055.0,6.9,898.0,6.9,144.0,6.9,570.0,6.9,460.0,7.2,95.0
414,tt16529222,6.4,1882.0,6.3,940.0,6.7,129.0,6.0,1.0,0.0,0.0,6.0,1.0,6.2,159.0,6.1,114.0,6.6,38.0,6.4,528.0,6.4,461.0,6.8,54.0,6.3,319.0,6.3,283.0,6.7,22.0
415,tt18550182,7.4,1881.0,7.4,1057.0,7.7,207.0,7.0,1.0,7.0,1.0,0.0,0.0,7.4,276.0,7.5,203.0,7.3,61.0,7.5,634.0,7.5,535.0,7.7,92.0,7.4,302.0,7.3,266.0,8.7,34.0
416,tt19246408,6.9,5216.0,6.9,2746.0,6.8,387.0,7.2,4.0,7.7,3.0,0.0,0.0,6.7,419.0,6.8,349.0,6.9,55.0,6.9,2007.0,6.9,1719.0,6.6,251.0,7.2,438.0,7.2,380.0,7.4,44.0
417,tt21338696,7.8,2396.0,5.7,30.0,7.0,1.0,10.0,1.0,10.0,1.0,0.0,0.0,5.9,9.0,5.9,9.0,0.0,0.0,5.7,13.0,5.3,12.0,7.0,1.0,6.0,3.0,6.0,3.0,0.0,0.0
418,tt21618750,8.7,1081.0,3.9,9.0,7.0,1.0,7.0,1.0,0.0,0.0,7.0,1.0,2.3,3.0,2.3,3.0,0.0,0.0,3.0,2.0,3.0,2.0,0.0,0.0,9.0,2.0,9.0,2.0,0.0,0.0
419,tt21741272,7.6,2611.0,6.0,111.0,5.5,6.0,0.0,0.0,0.0,0.0,0.0,0.0,4.5,46.0,4.6,41.0,5.5,3.0,6.8,33.0,6.5,29.0,7.0,1.0,6.3,5.0,6.3,5.0,0.0,0.0
420,tt15097236,6.9,1571.0,6.9,510.0,5.2,16.0,0.0,0.0,0.0,0.0,0.0,0.0,7.3,157.0,7.3,149.0,1.0,3.0,6.7,277.0,6.7,261.0,6.5,11.0,5.9,21.0,5.9,21.0,0.0,0.0
421,tt15575356,6.2,1368.0,6.1,579.0,6.5,188.0,7.0,1.0,7.0,1.0,0.0,0.0,6.4,125.0,6.3,83.0,6.5,33.0,6.2,425.0,6.2,309.0,6.4,103.0,6.1,170.0,5.9,128.0,6.8,37.0
422,tt23726308,7.3,1136.0,7.1,306.0,7.4,8.0,9.0,2.0,9.0,2.0,0.0,0.0,7.2,100.0,7.1,90.0,8.0,3.0,7.0,151.0,7.0,145.0,6.3,3.0,6.5,15.0,6.5,14.0,0.0,0.0
423,tt25852740,8.8,1520.0,4.3,4.0,0.0,0.0,0.0,0.0,0.0,0.0,0.0,0.0,0.0,0.0,0.0,0.0,0.0,0.0,6.0,3.0,6.0,3.0,0.0,0.0,0.0,0.0,0.0,0.0,0.0,0.0
424,tt9737876,6.6,10903.0,6.5,5942.0,6.8,585.0,7.7,3.0,8.5,2.0,6.0,1.0,6.6,760.0,6.5,622.0,7.0,86.0,6.5,2958.0,6.5,2632.0,6.7,251.0,6.6,2425.0,6.6,2182.0,6.8,195.0
425,tt12573454,6.6,14189.0,6.6,6889.0,6.8,1584.0,6.4,8.0,6.1,5.0,6.7,3.0,6.6,877.0,6.6,661.0,6.8,181.0,6.6,4275.0,6.5,3392.0,6.7,753.0,6.7,2788.0,6.6,2229.0,7.0,475.0
426,tt14376344,7.3,21277.0,7.2,8708.0,7.3,2442.0,8.5,16.0,8.4,14.0,7.0,1.0,7.5,2542.0,7.5,1828.0,7.5,584.0,7.2,5645.0,7.2,4401.0,7.2,1102.0,7.1,2272.0,7.0,1693.0,7.2,506.0
427,tt16433236,7.4,1684.0,7.4,1106.0,7.6,80.0,10.0,1.0,10.0,1.0,0.0,0.0,7.3,125.0,7.3,108.0,7.2,9.0,7.3,502.0,7.3,464.0,7.1,31.0,7.5,492.0,7.5,450.0,8.3,35.0
428,tt4273800,6.8,64079.0,6.8,26271.0,6.9,10799.0,7.3,25.0,7.5,15.0,7.1,9.0,6.8,5768.0,6.8,3516.0,6.9,1870.0,6.8,20076.0,6.8,13901.0,6.8,5599.0,6.9,8853.0,6.9,6427.0,7.1,2164.0
429,tt12054850,8.9,1320.0,8.8,56.0,10.0,1.0,0.0,0.0,0.0,0.0,0.0,0.0,9.8,13.0,9.8,13.0,0.0,0.0,8.1,28.0,8.0,25.0,10.0,1.0,0.0,0.0,0.0,0.0,0.0,0.0
430,tt15145764,7.5,29745.0,6.9,4719.0,7.0,391.0,7.8,64.0,7.8,53.0,8.0,11.0,7.1,1531.0,7.1,1382.0,7.0,99.0,6.9,2457.0,6.9,2234.0,6.9,171.0,6.1,294.0,6.0,240.0,7.2,48.0
431,tt10518176,7.0,2806.0,6.9,541.0,6.8,68.0,8.0,2.0,8.0,2.0,0.0,0.0,7.4,127.0,7.4,121.0,4.5,4.0,6.6,366.0,6.6,304.0,6.8,59.0,5.8,33.0,5.6,31.0,8.0,1.0
432,tt10644708,6.3,11365.0,5.8,2136.0,6.2,145.0,3.5,5.0,3.5,5.0,0.0,0.0,6.1,534.0,6.1,493.0,5.5,24.0,5.8,1252.0,5.8,1156.0,6.5,75.0,5.3,155.0,5.3,143.0,4.4,7.0
433,tt13130760,6.8,15015.0,6.6,3804.0,6.7,296.0,7.7,6.0,7.6,5.0,0.0,0.0,6.9,977.0,6.9,876.0,6.6,54.0,6.5,2329.0,6.5,2124.0,6.6,148.0,6.0,302.0,5.9,264.0,6.8,27.0
434,tt15395702,8.0,3237.0,5.0,13.0,1.0,1.0,0.0,0.0,0.0,0.0,0.0,0.0,4.0,3.0,7.0,2.0,1.0,1.0,5.5,7.0,5.5,7.0,0.0,0.0,9.0,3.0,9.0,3.0,0.0,0.0
435,tt17491040,6.1,4057.0,6.0,1935.0,6.3,328.0,8.2,4.0,8.5,2.0,6.0,1.0,6.2,371.0,6.3,272.0,6.0,78.0,6.0,1137.0,6.0,966.0,6.3,140.0,5.9,575.0,5.8,483.0,6.4,78.0
436,tt20251896,7.2,1069.0,4.8,20.0,1.0,1.0,0.0,0.0,0.0,0.0,0.0,0.0,1.3,4.0,1.5,3.0,1.0,1.0,6.0,13.0,6.0,13.0,0.0,0.0,0.0,0.0,0.0,0.0,0.0,0.0
437,tt21308470,7.5,2052.0,3.7,10.0,1.0,1.0,0.0,0.0,0.0,0.0,0.0,0.0,1.0,3.0,1.0,2.0,1.0,1.0,9.0,4.0,9.0,4.0,0.0,0.0,0.0,0.0,0.0,0.0,0.0,0.0
438,tt24248198,6.3,1063.0,6.4,614.0,6.2,98.0,0.0,0.0,0.0,0.0,0.0,0.0,6.6,68.0,6.9,48.0,5.3,15.0,6.5,370.0,6.4,323.0,6.6,42.0,6.1,235.0,6.1,196.0,6.0,35.0
439,tt13197812,6.1,1556.0,5.3,154.0,6.0,57.0,0.0,0.0,0.0,0.0,0.0,0.0,6.1,9.0,8.8,5.0,7.7,3.0,5.3,82.0,5.2,60.0,5.9,22.0,5.3,101.0,5.4,78.0,5.5,20.0
440,tt14034614,6.8,1772.0,6.8,955.0,6.8,159.0,6.0,1.0,0.0,0.0,6.0,1.0,6.9,158.0,6.9,129.0,6.6,21.0,6.7,495.0,6.7,403.0,6.6,75.0,6.8,407.0,6.8,345.0,7.0,52.0
441,tt15568760,7.3,1467.0,6.9,425.0,7.2,35.0,9.0,2.0,9.0,2.0,0.0,0.0,7.1,129.0,7.2,116.0,5.6,8.0,6.9,249.0,6.8,232.0,7.7,16.0,6.4,26.0,6.3,22.0,7.0,4.0
442,tt1877830,7.8,681073.0,7.7,270992.0,7.6,39657.0,8.5,989.0,8.6,744.0,7.7,159.0,8.1,76214.0,8.1,60788.0,7.9,9988.0,7.6,161130.0,7.7,137092.0,7.5,19230.0,7.3,45365.0,7.3,38659.0,7.2,5303.0
443,tt21827144,7.8,2026.0,4.4,14.0,1.0,1.0,0.0,0.0,0.0,0.0,0.0,0.0,6.7,4.0,9.5,3.0,1.0,1.0,3.0,7.0,3.0,7.0,0.0,0.0,0.0,0.0,0.0,0.0,0.0,0.0
444,tt14188930,8.0,4896.0,7.8,1340.0,7.5,52.0,8.5,2.0,8.5,2.0,0.0,0.0,8.0,393.0,8.0,366.0,7.6,15.0,7.8,709.0,7.8,681.0,7.6,21.0,7.5,77.0,7.6,73.0,7.3,3.0
445,tt14307536,6.7,3593.0,6.5,1165.0,7.1,767.0,8.0,1.0,0.0,0.0,0.0,0.0,6.7,182.0,6.6,102.0,7.3,63.0,6.5,765.0,6.2,451.0,6.8,292.0,6.8,832.0,6.6,500.0,7.4,300.0
446,tt19113302,6.5,1058.0,6.5,651.0,6.5,83.0,0.0,0.0,0.0,0.0,0.0,0.0,6.2,63.0,6.2,55.0,6.4,7.0,6.5,426.0,6.5,369.0,6.4,44.0,6.6,202.0,6.6,173.0,6.7,23.0
447,tt23379618,8.1,2039.0,6.4,16.0,1.0,1.0,0.0,0.0,0.0,0.0,0.0,0.0,4.8,5.0,6.0,4.0,1.0,1.0,10.0,3.0,10.0,3.0,0.0,0.0,9.0,6.0,9.0,6.0,0.0,0.0
448,tt23875604,7.9,1255.0,5.5,13.0,0.0,0.0,0.0,0.0,0.0,0.0,0.0,0.0,1.0,3.0,1.0,2.0,0.0,0.0,4.9,9.0,4.9,8.0,0.0,0.0,8.0,1.0,8.0,1.0,0.0,0.0
449,tt8174412,6.3,2504.0,6.3,1477.0,6.2,159.0,8.0,3.0,8.0,3.0,0.0,0.0,6.7,332.0,6.6,286.0,6.8,38.0,6.3,869.0,6.3,768.0,6.2,82.0,6.0,357.0,6.0,321.0,6.0,23.0
450,tt8745676,7.4,26975.0,7.2,10919.0,7.6,3998.0,6.5,51.0,6.9,32.0,5.1,17.0,7.5,2459.0,7.4,1501.0,7.8,782.0,7.3,8027.0,7.2,5807.0,7.6,2001.0,7.2,3367.0,7.2,2504.0,7.5,743.0
451,tt15685876,6.6,4615.0,5.3,512.0,5.7,11.0,7.3,6.0,7.3,6.0,0.0,0.0,5.7,161.0,5.7,147.0,6.5,5.0,5.2,257.0,5.2,253.0,5.3,3.0,4.4,26.0,4.3,23.0,6.0,1.0
452,tt11866940,7.4,1345.0,7.2,240.0,7.7,13.0,9.0,2.0,9.0,2.0,0.0,0.0,7.4,61.0,7.3,57.0,7.5,2.0,7.1,138.0,7.1,130.0,7.7,8.0,6.6,14.0,6.5,12.0,10.0,2.0
453,tt19770238,7.7,47906.0,7.6,21958.0,7.6,5611.0,7.9,92.0,8.1,68.0,7.1,22.0,8.0,7278.0,8.0,5309.0,7.8,1630.0,7.6,14313.0,7.6,11212.0,7.6,2758.0,7.2,4288.0,7.2,3542.0,7.3,642.0
454,tt22027654,7.7,3711.0,7.6,1350.0,8.0,91.0,7.5,9.0,7.5,9.0,0.0,0.0,7.7,389.0,7.7,361.0,7.3,21.0,7.6,745.0,7.6,695.0,8.0,43.0,7.6,76.0,7.6,73.0,10.0,2.0
455,tt23810972,6.8,1454.0,6.6,522.0,7.8,93.0,10.0,1.0,0.0,0.0,10.0,1.0,8.0,35.0,7.6,27.0,9.8,8.0,6.6,253.0,6.5,220.0,6.8,30.0,6.6,273.0,6.4,220.0,8.0,45.0
456,tt10954600,6.5,84363.0,6.4,33593.0,6.7,4308.0,5.9,172.0,5.9,138.0,5.3,28.0,6.3,9303.0,6.3,7723.0,6.7,1050.0,6.5,18930.0,6.5,16370.0,6.6,2022.0,6.5,6032.0,6.5,5243.0,6.9,637.0
457,tt13393128,7.3,1287.0,7.3,541.0,7.6,255.0,0.0,0.0,0.0,0.0,0.0,0.0,7.1,77.0,6.9,53.0,7.3,21.0,7.3,355.0,7.3,238.0,7.3,99.0,7.5,336.0,7.3,216.0,7.9,112.0
458,tt14526318,7.6,6234.0,7.1,1420.0,7.3,38.0,6.3,7.0,6.3,7.0,0.0,0.0,7.4,502.0,7.3,471.0,6.8,12.0,7.0,670.0,7.0,649.0,7.9,13.0,6.0,49.0,6.0,46.0,5.0,1.0
459,tt6275154,6.9,1996.0,6.8,480.0,6.8,122.0,5.0,1.0,0.0,0.0,5.0,1.0,6.6,98.0,6.6,65.0,6.3,27.0,6.8,311.0,6.8,237.0,6.7,60.0,7.0,172.0,7.0,144.0,7.0,25.0
460,tt10806040,6.1,20031.0,5.7,3656.0,4.5,85.0,6.1,21.0,6.1,21.0,0.0,0.0,6.1,1429.0,6.1,1356.0,5.5,24.0,5.5,1500.0,5.5,1451.0,4.2,30.0,4.7,134.0,4.7,119.0,4.9,13.0
461,tt15096128,6.3,7480.0,5.7,1376.0,6.7,1386.0,6.2,19.0,7.5,2.0,5.9,15.0,6.3,891.0,5.9,297.0,6.7,531.0,6.1,1305.0,5.7,667.0,6.7,584.0,5.6,365.0,5.4,274.0,6.4,79.0
462,tt15218000,6.7,11177.0,6.6,5305.0,7.0,1461.0,7.2,9.0,7.0,7.0,5.0,1.0,7.0,1070.0,6.9,741.0,7.2,258.0,6.7,3691.0,6.6,2775.0,7.1,802.0,6.4,1638.0,6.3,1314.0,6.7,272.0
463,tt15399372,7.1,1315.0,7.0,642.0,7.3,109.0,10.0,1.0,10.0,1.0,0.0,0.0,7.5,154.0,7.4,120.0,7.6,26.0,7.1,354.0,7.1,296.0,7.2,48.0,6.6,193.0,6.6,168.0,6.8,23.0
464,tt1745960,8.3,545148.0,8.2,228343.0,8.3,37457.0,8.6,641.0,8.7,468.0,7.9,128.0,8.4,48145.0,8.4,38662.0,8.3,6367.0,8.2,136461.0,8.2,115205.0,8.2,17425.0,8.1,57301.0,8.0,46756.0,8.3,8770.0
465,tt21836538,7.1,4605.0,7.1,2864.0,6.8,110.0,0.0,0.0,0.0,0.0,0.0,0.0,7.2,558.0,7.2,499.0,6.9,21.0,7.0,1939.0,7.0,1829.0,6.8,61.0,6.9,331.0,6.9,305.0,6.8,19.0
466,tt24509990,6.2,8539.0,6.2,3892.0,6.2,1366.0,3.7,5.0,7.5,2.0,4.3,3.0,5.9,639.0,5.9,393.0,6.0,206.0,6.1,3171.0,6.2,2330.0,6.1,751.0,6.3,1172.0,6.3,858.0,6.4,283.0
467,tt3447590,7.1,20827.0,7.0,7695.0,7.3,3343.0,7.4,65.0,7.3,30.0,7.6,31.0,7.1,2092.0,7.1,1243.0,7.3,719.0,7.0,5816.0,6.9,3960.0,7.1,1699.0,7.1,2273.0,7.0,1693.0,7.5,514.0
468,tt9179430,8.3,62132.0,7.9,14519.0,7.6,427.0,8.9,75.0,9.0,72.0,4.0,2.0,8.3,4936.0,8.3,4632.0,8.1,114.0,7.8,6843.0,7.8,6550.0,7.8,185.0,6.0,655.0,6.1,595.0,5.9,42.0
469,tt9731598,6.4,27216.0,6.3,12540.0,6.7,2635.0,5.6,20.0,6.0,10.0,5.1,10.0,6.6,2191.0,6.6,1653.0,6.9,434.0,6.5,7803.0,6.4,6230.0,6.8,1347.0,6.1,4043.0,6.0,3382.0,6.5,559.0
470,tt14719838,7.6,2047.0,3.0,8.0,1.0,1.0,0.0,0.0,0.0,0.0,0.0,0.0,1.0,1.0,0.0,0.0,1.0,1.0,3.0,5.0,3.0,5.0,0.0,0.0,0.0,0.0,0.0,0.0,0.0,0.0
471,tt15166394,7.8,1807.0,4.1,13.0,1.0,1.0,0.0,0.0,0.0,0.0,0.0,0.0,1.5,5.0,2.0,4.0,1.0,1.0,5.0,6.0,5.0,6.0,0.0,0.0,0.0,0.0,0.0,0.0,0.0,0.0
472,tt26232890,7.9,1553.0,3.9,13.0,0.0,0.0,0.0,0.0,0.0,0.0,0.0,0.0,4.0,2.0,4.0,2.0,0.0,0.0,3.0,4.0,3.0,4.0,0.0,0.0,8.0,3.0,8.0,3.0,0.0,0.0
473,tt9851854,8.1,29826.0,7.7,6235.0,7.9,285.0,8.1,47.0,8.5,45.0,3.5,2.0,8.0,2118.0,8.0,1975.0,7.9,71.0,7.5,3038.0,7.5,2867.0,7.8,107.0,6.5,309.0,6.5,267.0,7.4,35.0
474,tt12374656,6.9,3965.0,6.7,1637.0,7.1,722.0,6.0,2.0,7.0,1.0,5.0,1.0,7.0,430.0,6.8,241.0,7.3,173.0,6.8,1058.0,6.8,705.0,7.0,334.0,6.7,744.0,6.7,570.0,7.1,157.0
475,tt12595378,7.4,2089.0,7.3,954.0,7.9,350.0,9.8,4.0,9.0,1.0,10.0,2.0,8.1,266.0,8.1,153.0,7.9,99.0,7.5,735.0,7.4,548.0,8.1,180.0,6.8,232.0,6.8,183.0,6.7,44.0
476,tt12908508,7.0,2707.0,6.8,597.0,6.8,74.0,6.4,5.0,6.4,5.0,0.0,0.0,7.0,143.0,7.0,137.0,7.5,4.0,6.8,411.0,6.8,347.0,7.1,63.0,6.5,30.0,6.5,28.0,6.5,2.0
477,tt15302594,6.2,1049.0,6.1,219.0,8.6,7.0,0.0,0.0,0.0,0.0,0.0,0.0,6.1,67.0,6.1,64.0,8.0,2.0,6.0,119.0,6.0,115.0,8.5,2.0,6.4,13.0,6.2,12.0,0.0,0.0
478,tt21448508,6.8,1881.0,6.8,1106.0,6.5,106.0,0.0,0.0,0.0,0.0,0.0,0.0,6.8,147.0,6.9,125.0,5.9,11.0,6.7,792.0,6.8,709.0,6.5,65.0,6.8,223.0,6.8,199.0,6.6,20.0
479,tt9288046,7.0,48983.0,7.0,22464.0,7.2,4936.0,7.4,81.0,7.6,47.0,7.1,30.0,7.0,5485.0,7.0,4122.0,7.2,1076.0,7.0,15414.0,6.9,12503.0,7.1,2549.0,7.0,4449.0,7.0,3669.0,7.3,676.0
480,tt12194006,7.0,1468.0,6.9,682.0,7.7,179.0,0.0,0.0,0.0,0.0,0.0,0.0,6.6,62.0,5.9,38.0,8.4,19.0,7.0,461.0,6.8,348.0,7.7,101.0,7.0,267.0,6.9,226.0,7.5,33.0
481,tt12953548,6.4,1730.0,6.4,607.0,5.9,21.0,6.3,3.0,6.3,3.0,0.0,0.0,6.3,216.0,6.3,199.0,5.4,9.0,6.4,305.0,6.4,294.0,6.3,8.0,5.8,22.0,6.0,20.0,1.0,1.0
482,tt14557302,6.5,1090.0,6.5,458.0,6.3,57.0,8.0,2.0,8.0,2.0,0.0,0.0,6.2,96.0,6.2,74.0,6.5,15.0,6.6,308.0,6.6,273.0,6.5,28.0,6.6,78.0,6.7,70.0,5.4,6.0
483,tt14766956,6.5,2320.0,6.4,679.0,6.7,367.0,9.0,5.0,8.5,4.0,10.0,1.0,6.0,133.0,6.0,91.0,6.3,34.0,6.4,533.0,6.4,377.0,6.4,135.0,6.5,303.0,6.3,140.0,7.5,158.0
484,tt15964372,8.9,5164.0,8.4,752.0,8.6,48.0,9.6,8.0,9.6,8.0,0.0,0.0,8.8,329.0,8.8,302.0,8.3,21.0,8.0,315.0,8.0,293.0,8.6,18.0,7.7,49.0,7.7,46.0,9.7,3.0
485,tt22010428,8.6,5687.0,5.6,81.0,9.7,306.0,10.0,2.0,10.0,1.0,10.0,1.0,8.5,102.0,6.1,21.0,9.7,76.0,8.0,161.0,4.7,29.0,9.8,124.0,7.4,79.0,6.3,19.0,9.3,57.0
486,tt18092672,6.7,1594.0,6.6,905.0,7.1,130.0,9.0,2.0,8.0,1.0,10.0,1.0,6.6,148.0,6.5,117.0,6.7,19.0,6.6,493.0,6.6,419.0,7.0,63.0,6.7,351.0,6.7,308.0,7.3,38.0
487,tt21281462,7.5,1379.0,7.4,257.0,7.0,23.0,8.1,8.0,8.1,8.0,0.0,0.0,7.3,129.0,7.5,113.0,6.4,14.0,7.3,109.0,7.3,103.0,6.5,5.0,6.5,10.0,6.5,10.0,0.0,0.0
488,tt21860836,7.2,1621.0,7.1,885.0,7.7,99.0,7.2,5.0,7.2,5.0,0.0,0.0,7.5,182.0,7.4,153.0,8.5,20.0,7.0,466.0,7.0,407.0,7.6,49.0,7.1,267.0,7.1,243.0,7.6,16.0
489,tt21935486,7.5,1207.0,6.1,15.0,0.0,0.0,0.0,0.0,0.0,0.0,0.0,0.0,9.5,3.0,9.5,3.0,0.0,0.0,8.2,6.0,8.2,6.0,0.0,0.0,8.0,2.0,8.0,2.0,0.0,0.0
490,tt9411972,7.2,86119.0,7.0,31600.0,7.4,14569.0,6.5,70.0,6.7,29.0,5.9,33.0,7.0,7584.0,6.9,4299.0,7.4,2810.0,7.0,22547.0,6.9,15226.0,7.3,6705.0,7.3,12790.0,7.2,9061.0,7.6,3350.0
491,tt10192406,6.6,16330.0,6.5,8371.0,6.6,1813.0,7.8,11.0,8.0,7.0,7.8,4.0,6.7,1670.0,6.7,1321.0,6.7,279.0,6.5,5186.0,6.5,4206.0,6.5,849.0,6.5,2759.0,6.5,2196.0,6.6,488.0
492,tt11252248,6.5,38768.0,6.4,18172.0,6.9,5050.0,7.1,18.0,7.2,12.0,6.7,6.0,6.5,2945.0,6.5,2206.0,6.9,576.0,6.4,11717.0,6.4,9181.0,6.7,2249.0,6.6,6861.0,6.5,5047.0,7.2,1617.0
493,tt12663250,6.2,3930.0,6.2,1999.0,6.5,280.0,7.0,1.0,7.0,1.0,0.0,0.0,6.2,294.0,6.1,221.0,6.8,58.0,6.2,1090.0,6.2,938.0,6.4,118.0,6.2,731.0,6.2,653.0,6.5,61.0
494,tt13470278,6.9,1306.0,6.2,98.0,4.0,1.0,9.5,2.0,9.5,2.0,0.0,0.0,6.2,37.0,6.3,34.0,0.0,0.0,6.0,46.0,6.1,45.0,4.0,1.0,6.0,4.0,6.0,4.0,0.0,0.0
495,tt15193162,8.5,5651.0,7.4,609.0,9.5,31.0,10.0,1.0,10.0,1.0,0.0,0.0,7.6,179.0,7.5,167.0,10.0,9.0,7.3,318.0,7.2,294.0,9.0,14.0,5.1,37.0,5.0,33.0,6.7,3.0
496,tt19800814,6.8,1053.0,6.6,371.0,6.8,286.0,0.0,0.0,0.0,0.0,0.0,0.0,6.2,18.0,7.1,6.0,5.8,12.0,6.2,231.0,6.1,125.0,6.3,102.0,7.0,358.0,6.8,214.0,7.3,138.0
497,tt20850406,8.6,57228.0,8.1,10127.0,8.0,579.0,9.0,37.0,9.0,36.0,7.0,1.0,8.5,3753.0,8.5,3468.0,8.2,172.0,7.9,4522.0,7.9,4236.0,7.9,216.0,6.5,391.0,6.5,352.0,7.0,30.0
498,tt21200850,6.8,4677.0,6.9,299.0,5.7,12.0,0.0,0.0,0.0,0.0,0.0,0.0,5.6,77.0,5.4,72.0,10.0,5.0,7.0,123.0,7.1,117.0,1.0,1.0,7.7,25.0,8.3,23.0,4.0,2.0
499,tt2597804,6.7,3267.0,6.5,1500.0,7.1,498.0,10.0,1.0,10.0,1.0,0.0,0.0,6.5,229.0,6.4,157.0,6.7,58.0,6.5,950.0,6.5,746.0,6.9,184.0,6.8,703.0,6.7,480.0,7.3,199.0
500,tt11813216,7.8,162527.0,7.7,77798.0,7.7,15432.0,8.2,177.0,8.3,125.0,7.6,47.0,7.9,18265.0,8.0,14645.0,7.8,2802.0,7.7,48698.0,7.7,40275.0,7.7,7376.0,7.5,19978.0,7.5,15734.0,7.6,3724.0
501,tt13639204,6.1,1309.0,6.1,721.0,6.1,65.0,0.0,0.0,0.0,0.0,0.0,0.0,6.1,68.0,6.1,57.0,6.7,7.0,6.1,423.0,6.1,369.0,6.0,41.0,6.0,256.0,6.0,236.0,6.0,13.0
502,tt15341044,6.7,2411.0,5.8,379.0,4.7,13.0,8.0,1.0,8.0,1.0,0.0,0.0,6.2,102.0,6.3,96.0,6.8,4.0,5.9,192.0,5.9,185.0,4.0,6.0,5.2,19.0,5.2,18.0,0.0,0.0
503,tt15575470,6.1,2993.0,6.0,1661.0,6.0,176.0,7.0,1.0,7.0,1.0,0.0,0.0,6.2,259.0,6.2,210.0,6.0,39.0,6.0,962.0,5.9,878.0,6.2,72.0,6.0,474.0,6.0,420.0,6.0,47.0
504,tt18269838,7.1,1316.0,6.9,390.0,7.1,157.0,5.7,5.0,7.0,3.0,5.0,2.0,7.1,219.0,6.9,134.0,7.4,69.0,6.9,228.0,6.9,166.0,7.0,59.0,6.0,58.0,6.0,51.0,5.0,4.0
505,tt18568902,8.4,10667.0,8.2,3396.0,8.0,92.0,9.4,11.0,9.4,11.0,0.0,0.0,8.2,930.0,8.2,878.0,6.2,16.0,8.2,1874.0,8.2,1783.0,8.2,47.0,7.6,152.0,7.6,141.0,7.2,6.0
506,tt18816518,7.2,3223.0,7.1,1555.0,7.3,532.0,5.5,4.0,6.5,2.0,2.0,1.0,7.4,524.0,7.4,360.0,7.5,140.0,7.2,1195.0,7.2,852.0,7.3,303.0,6.8,283.0,6.7,233.0,7.3,45.0
507,tt20784426,8.5,2080.0,3.5,11.0,8.5,2.0,7.0,1.0,0.0,0.0,7.0,1.0,5.5,2.0,1.0,1.0,10.0,1.0,6.5,5.0,6.5,5.0,0.0,0.0,8.0,2.0,8.0,2.0,0.0,0.0
508,tt7564016,8.5,1647.0,3.9,60.0,1.0,7.0,0.0,0.0,0.0,0.0,0.0,0.0,1.3,9.0,1.8,8.0,1.0,1.0,4.6,28.0,4.6,27.0,10.0,1.0,2.4,11.0,3.7,8.0,1.0,3.0
509,tt10343028,6.5,10114.0,6.5,5708.0,6.3,899.0,6.4,11.0,6.8,5.0,5.6,5.0,6.8,1042.0,6.9,877.0,6.3,115.0,6.5,3192.0,6.5,2720.0,6.2,404.0,6.3,2061.0,6.3,1721.0,6.3,293.0
510,tt11128440,6.3,12845.0,6.3,8351.0,6.7,581.0,6.0,4.0,6.0,4.0,0.0,0.0,6.5,637.0,6.5,574.0,6.5,49.0,6.3,5605.0,6.3,5169.0,6.7,343.0,6.1,2249.0,6.0,2072.0,6.8,136.0
511,tt13913068,6.4,1994.0,6.1,657.0,7.1,51.0,7.0,1.0,7.0,1.0,0.0,0.0,6.3,202.0,6.3,176.0,6.7,20.0,6.1,365.0,6.1,345.0,7.2,17.0,5.6,49.0,5.6,45.0,6.5,3.0
512,tt17274522,8.3,2585.0,7.6,373.0,7.4,19.0,1.0,1.0,1.0,1.0,0.0,0.0,8.4,104.0,8.4,96.0,9.0,3.0,7.8,178.0,7.8,168.0,7.0,8.0,5.9,35.0,5.8,33.0,10.0,1.0
513,tt18923048,6.3,1106.0,6.2,424.0,6.7,40.0,6.5,2.0,6.5,2.0,0.0,0.0,6.3,80.0,6.3,71.0,6.0,4.0,6.3,279.0,6.2,257.0,7.6,15.0,6.1,44.0,6.1,38.0,5.0,4.0
514,tt9731386,6.4,8043.0,6.4,4351.0,6.4,869.0,8.1,9.0,9.0,3.0,7.6,6.0,6.4,393.0,6.4,291.0,6.5,80.0,6.3,2356.0,6.3,1956.0,6.4,362.0,6.4,2128.0,6.4,1766.0,6.5,319.0
515,tt10304142,6.1,69472.0,6.1,30909.0,6.3,6800.0,6.1,77.0,6.2,53.0,6.1,19.0,6.0,7158.0,5.9,5396.0,6.1,1356.0,6.1,18636.0,6.0,15049.0,6.2,3096.0,6.3,9276.0,6.2,7463.0,6.5,1562.0
516,tt13028258,7.7,23844.0,7.3,6414.0,7.6,547.0,8.8,18.0,8.7,16.0,10.0,1.0,7.7,1837.0,7.6,1647.0,7.9,130.0,7.2,3695.0,7.2,3361.0,7.5,260.0,7.0,374.0,6.9,327.0,7.7,36.0
517,tt13449624,6.1,37730.0,5.8,4012.0,5.9,366.0,4.8,9.0,4.8,9.0,0.0,0.0,6.1,1150.0,6.0,1029.0,6.2,82.0,5.8,2320.0,5.8,2106.0,5.7,168.0,5.9,257.0,5.9,207.0,5.7,39.0
518,tt14124268,6.8,8439.0,6.7,4813.0,7.0,690.0,7.2,4.0,7.0,3.0,8.0,1.0,6.9,273.0,6.9,250.0,7.0,14.0,6.8,2421.0,6.7,2162.0,6.8,212.0,6.7,2465.0,6.7,2002.0,7.0,396.0
519,tt14488772,6.2,2366.0,5.6,116.0,1.0,51.0,0.0,0.0,0.0,0.0,0.0,0.0,7.0,105.0,7.0,71.0,0.0,0.0,6.3,51.0,6.3,37.0,0.0,0.0,0.0,0.0,0.0,0.0,0.0,0.0
520,tt15257644,6.8,9849.0,6.4,1780.0,6.9,217.0,6.2,4.0,6.2,4.0,0.0,0.0,6.7,443.0,6.6,380.0,7.1,39.0,6.4,1180.0,6.3,1038.0,6.7,120.0,6.3,148.0,6.2,124.0,6.9,18.0
521,tt16360006,6.3,6367.0,6.2,2400.0,6.6,572.0,5.9,21.0,5.8,15.0,5.9,5.0,6.3,843.0,6.2,625.0,6.5,176.0,6.2,1526.0,6.2,1213.0,6.5,270.0,6.3,349.0,6.3,298.0,7.2,38.0
522,tt5322004,6.7,1739.0,6.7,855.0,6.6,150.0,8.2,5.0,8.0,2.0,8.0,2.0,6.7,214.0,6.7,151.0,6.8,46.0,6.7,434.0,6.7,363.0,6.6,58.0,6.6,290.0,6.6,264.0,6.1,20.0
523,tt11565160,6.5,2036.0,3.2,21.0,4.5,2.0,0.0,0.0,0.0,0.0,0.0,0.0,2.0,4.0,2.0,4.0,0.0,0.0,4.3,11.0,2.3,9.0,4.5,2.0,7.0,5.0,7.0,5.0,0.0,0.0
524,tt14540892,6.8,2121.0,6.7,1042.0,6.8,197.0,7.7,3.0,8.0,1.0,8.0,1.0,6.8,133.0,6.8,91.0,6.8,30.0,6.6,560.0,6.6,447.0,6.7,92.0,6.8,490.0,6.8,414.0,6.7,49.0
525,tt15483596,7.1,1917.0,7.0,713.0,7.0,25.0,8.6,7.0,8.6,7.0,0.0,0.0,7.0,221.0,7.1,211.0,6.9,6.0,7.0,358.0,7.0,345.0,6.6,11.0,6.6,40.0,6.5,38.0,7.0,1.0
526,tt19838608,6.8,8769.0,6.0,1179.0,6.8,80.0,0.0,0.0,0.0,0.0,0.0,0.0,6.1,276.0,6.1,255.0,5.4,17.0,6.1,710.0,6.0,660.0,7.0,40.0,5.8,90.0,5.6,82.0,7.0,4.0
527,tt20256528,8.4,29171.0,8.3,11633.0,7.8,1705.0,4.4,29.0,6.2,20.0,1.0,7.0,8.2,2691.0,8.2,2224.0,7.5,329.0,8.3,6935.0,8.3,5987.0,7.8,786.0,8.3,2362.0,8.4,1921.0,7.7,368.0
